010F, INTAKE_TEMP, 27 degC, 0.24910402298
010E, TIMING_ADVANCE, 17.5 degree, 0.499166965485
0109, LONG_FUEL_TRIM_2, 0.78125 percent, 0.771600961685
0107, LONG_FUEL_TRIM_1, 1.5625 percent, 0.87422990799
0110, MAF, 6.47 gps, 0.974061965942
0104, ENGINE_LOAD, 2.35294117647 percent, 1.09923386574
010B, INTAKE_PRESSURE, 33 kilopascal, 1.22405099869
0105, COOLANT_TEMP, 82 degC, 1.3492629528
0111, THROTTLE_POS, 6.66666666667 percent, 1.47423696518
0118, O2_B2S1, 0.925 volt, 1.60168385506
0119, O2_B2S2, 0.78 volt, 1.72440505028
010D, SPEED, 13 kph, 1.84938097
011E, AUX_INPUT_STATUS, False, 1.97415399551
0106, SHORT_FUEL_TRIM_1, -4.6875 percent, 2.09868192673
0108, SHORT_FUEL_TRIM_2, -6.25 percent, 2.19948387146
010C, RPM, 661.0 revolutions_per_minute, 2.29945397377
0115, O2_B1S2, 0.625 volt, 2.39934587479
0114, O2_B1S1, 0.905 volt, 2.49943804741
010F, INTAKE_TEMP, 27 degC, 2.5298500061
010E, TIMING_ADVANCE, 23.5 degree, 2.58682203293
0109, LONG_FUEL_TRIM_2, 0.78125 percent, 2.62967085838
0107, LONG_FUEL_TRIM_1, 1.5625 percent, 2.67980384827
0110, MAF, 10.43 gps, 2.72976899147
0104, ENGINE_LOAD, 3.92156862745 percent, 2.77982401848
010B, INTAKE_PRESSURE, 38 kilopascal, 2.8298740387
0105, COOLANT_TEMP, 83 degC, 2.88192296028
0111, THROTTLE_POS, 11.7647058824 percent, 2.93257188797
0118, O2_B2S1, 0.635 volt, 2.98384690285
0119, O2_B2S2, 0.73 volt, 3.03190803528
010D, SPEED, 15 kph, 3.08385491371
011E, AUX_INPUT_STATUS, False, 3.12990498543
0106, SHORT_FUEL_TRIM_1, -7.03125 percent, 3.18195104599
0108, SHORT_FUEL_TRIM_2, -2.34375 percent, 3.23174405098
010C, RPM, 1187.0 revolutions_per_minute, 3.27976202965
0115, O2_B1S2, 0.485 volt, 3.33790397644
0114, O2_B1S1, 0.045 volt, 3.37983489037
010F, INTAKE_TEMP, 27 degC, 3.4317548275
010E, TIMING_ADVANCE, 34.5 degree, 3.47989988327
0109, LONG_FUEL_TRIM_2, 4.6875 percent, 3.52986598015
0107, LONG_FUEL_TRIM_1, 3.125 percent, 3.57983803749
0110, MAF, 22.3 gps, 3.63182091713
0104, ENGINE_LOAD, 8.62745098039 percent, 3.67985081673
010B, INTAKE_PRESSURE, 42 kilopascal, 3.73000884056
0105, COOLANT_TEMP, 83 degC, 3.76165604591
0111, THROTTLE_POS, 17.2549019608 percent, 3.80688095093
0118, O2_B2S1, 0.065 volt, 3.85491704941
0119, O2_B2S2, 0.0 volt, 3.88381505013
010D, SPEED, 18 kph, 3.93191695213
011E, AUX_INPUT_STATUS, False, 3.97993397713
0106, SHORT_FUEL_TRIM_1, 3.90625 percent, 4.01085996628
0108, SHORT_FUEL_TRIM_2, 3.90625 percent, 4.05498600006
010C, RPM, 1557.5 revolutions_per_minute, 4.13194584846
0115, O2_B1S2, 0.0 volt, 4.18496203423
0114, O2_B1S1, 0.64 volt, 4.2297308445
010F, INTAKE_TEMP, 27 degC, 4.27994799614
010E, TIMING_ADVANCE, 35.0 degree, 4.32996082306
0109, LONG_FUEL_TRIM_2, 4.6875 percent, 4.38287687302
0107, LONG_FUEL_TRIM_1, 3.125 percent, 4.42983293533
0110, MAF, 15.85 gps, 4.47990584373
0104, ENGINE_LOAD, 5.88235294118 percent, 4.52993988991
010B, INTAKE_PRESSURE, 38 kilopascal, 4.57973504066
0105, COOLANT_TEMP, 83 degC, 4.61697483063
0111, THROTTLE_POS, 13.3333333333 percent, 4.65498685837
0118, O2_B2S1, 0.905 volt, 4.70472097397
0119, O2_B2S2, 0.0 volt, 4.75704598427
010D, SPEED, 21 kph, 4.80497288704
011E, AUX_INPUT_STATUS, False, 4.85503482819
0106, SHORT_FUEL_TRIM_1, -0.78125 percent, 4.90502691269
0108, SHORT_FUEL_TRIM_2, -0.78125 percent, 4.95489788055
010C, RPM, 1082.5 revolutions_per_minute, 5.00505185127
0115, O2_B1S2, 0.285 volt, 5.05500602722
0114, O2_B1S1, 0.87 volt, 5.10806798935
010F, INTAKE_TEMP, 27 degC, 5.15676784515
010E, TIMING_ADVANCE, 32.5 degree, 5.20675587654
0109, LONG_FUEL_TRIM_2, 4.6875 percent, 5.25493097305
0107, LONG_FUEL_TRIM_1, 3.125 percent, 5.30507993698
0110, MAF, 11.06 gps, 5.35502195358
0104, ENGINE_LOAD, 4.3137254902 percent, 5.38698101044
010B, INTAKE_PRESSURE, 35 kilopascal, 5.42972993851
0105, COOLANT_TEMP, 83 degC, 5.48006296158
0111, THROTTLE_POS, 13.3333333333 percent, 5.51178193092
0118, O2_B2S1, 0.9 volt, 5.5550429821
0119, O2_B2S2, 0.71 volt, 5.58902096748
010D, SPEED, 23 kph, 5.6300008297
011E, AUX_INPUT_STATUS, False, 5.68004393578
0106, SHORT_FUEL_TRIM_1, -3.125 percent, 5.72995090485
0108, SHORT_FUEL_TRIM_2, -3.125 percent, 5.76213598251
010C, RPM, 1140.5 revolutions_per_minute, 5.80798387527
0115, O2_B1S2, 0.515 volt, 5.85512495041
0114, O2_B1S1, 0.86 volt, 5.89811396599
010F, INTAKE_TEMP, 27 degC, 5.93213105202
010E, TIMING_ADVANCE, 34.0 degree, 5.97984790802
0109, LONG_FUEL_TRIM_2, 4.6875 percent, 6.03215503693
0107, LONG_FUEL_TRIM_1, 3.125 percent, 6.08360791206
0110, MAF, 15.19 gps, 6.13008093834
0104, ENGINE_LOAD, 5.88235294118 percent, 6.1800429821
010B, INTAKE_PRESSURE, 38 kilopascal, 6.22997689247
0105, COOLANT_TEMP, 83 degC, 6.28014588356
0111, THROTTLE_POS, 14.1176470588 percent, 6.33012700081
0118, O2_B2S1, 0.86 volt, 6.37995886803
0119, O2_B2S2, 0.655 volt, 6.43208694458
010D, SPEED, 25 kph, 6.48311305046
011E, AUX_INPUT_STATUS, False, 6.53709697723
0106, SHORT_FUEL_TRIM_1, -4.6875 percent, 6.58016896248
0108, SHORT_FUEL_TRIM_2, -5.46875 percent, 6.63014483452
010C, RPM, 1207.0 revolutions_per_minute, 6.68010783195
0115, O2_B1S2, 0.53 volt, 6.73009300232
0114, O2_B1S1, 0.86 volt, 6.7821059227
010F, INTAKE_TEMP, 27 degC, 6.83009505272
010E, TIMING_ADVANCE, 31.5 degree, 6.88006401062
0109, LONG_FUEL_TRIM_2, 4.6875 percent, 6.92967796326
0107, LONG_FUEL_TRIM_1, 3.125 percent, 6.98288488388
0110, MAF, 19.32 gps, 7.03012084961
0104, ENGINE_LOAD, 7.8431372549 percent, 7.08217787743
010B, INTAKE_PRESSURE, 43 kilopascal, 7.13015985489
0105, COOLANT_TEMP, 83 degC, 7.18316483498
0111, THROTTLE_POS, 15.6862745098 percent, 7.2301928997
0118, O2_B2S1, 0.795 volt, 7.28346991539
0119, O2_B2S2, 0.7 volt, 7.33017897606
010D, SPEED, 27 kph, 7.36215090752
011E, AUX_INPUT_STATUS, False, 7.43012189865
0106, SHORT_FUEL_TRIM_1, -7.03125 percent, 7.48224782944
0108, SHORT_FUEL_TRIM_2, -1.5625 percent, 7.53019595146
010C, RPM, 1306.25 revolutions_per_minute, 7.58026790619
0115, O2_B1S2, 0.385 volt, 7.63024997711
0114, O2_B1S1, 0.33 volt, 7.66220593452
010F, INTAKE_TEMP, 27 degC, 7.70527982712
010E, TIMING_ADVANCE, 32.5 degree, 7.75519800186
0109, LONG_FUEL_TRIM_2, 4.6875 percent, 7.78404998779
0107, LONG_FUEL_TRIM_1, 2.34375 percent, 7.85519790649
0110, MAF, 19.54 gps, 7.90511083603
0104, ENGINE_LOAD, 7.8431372549 percent, 7.93279290199
010B, INTAKE_PRESSURE, 42 kilopascal, 7.98020482063
0105, COOLANT_TEMP, 83 degC, 8.00721597672
0111, THROTTLE_POS, 15.6862745098 percent, 8.05507302284
0118, O2_B2S1, 0.87 volt, 8.10523796082
0119, O2_B2S2, 0.145 volt, 8.15496301651
010D, SPEED, 29 kph, 8.20523500443
011E, AUX_INPUT_STATUS, False, 8.2550508976
0106, SHORT_FUEL_TRIM_1, -7.03125 percent, 8.30924391747
0108, SHORT_FUEL_TRIM_2, -0.78125 percent, 8.35731983185
010C, RPM, 1364.25 revolutions_per_minute, 8.41221785545
0115, O2_B1S2, 0.09 volt, 8.45998287201
0114, O2_B1S1, 0.08 volt, 8.50733399391
010F, INTAKE_TEMP, 27 degC, 8.555341959
010E, TIMING_ADVANCE, 36.5 degree, 8.60532903671
0109, LONG_FUEL_TRIM_2, 4.6875 percent, 8.65527296066
0107, LONG_FUEL_TRIM_1, 2.34375 percent, 8.70527601242
0110, MAF, 15.63 gps, 8.75729584694
0104, ENGINE_LOAD, 5.88235294118 percent, 8.8052778244
010B, INTAKE_PRESSURE, 35 kilopascal, 8.85534882545
0105, COOLANT_TEMP, 83 degC, 8.90828800201
0111, THROTTLE_POS, 13.7254901961 percent, 8.95706486702
0118, O2_B2S1, 0.83 volt, 9.00521397591
0119, O2_B2S2, 0.18 volt, 9.05503797531
010D, SPEED, 30 kph, 9.10537004471
011E, AUX_INPUT_STATUS, False, 9.15710186958
0106, SHORT_FUEL_TRIM_1, -4.6875 percent, 9.20530390739
0108, SHORT_FUEL_TRIM_2, -5.46875 percent, 9.25710988045
010C, RPM, 1372.5 revolutions_per_minute, 9.30532693863
0115, O2_B1S2, 0.0 volt, 9.35735201836
0114, O2_B1S1, 0.755 volt, 9.40532588959
010F, INTAKE_TEMP, 27 degC, 9.45523786545
010E, TIMING_ADVANCE, 40.0 degree, 9.50731992722
0109, LONG_FUEL_TRIM_2, 4.6875 percent, 9.55533885956
0107, LONG_FUEL_TRIM_1, 2.34375 percent, 9.60526585579
0110, MAF, 11.41 gps, 9.65527582169
0104, ENGINE_LOAD, 4.3137254902 percent, 9.68716192245
010B, INTAKE_PRESSURE, 29 kilopascal, 9.73810005188
0105, COOLANT_TEMP, 83 degC, 9.78036499023
0111, THROTTLE_POS, 10.5882352941 percent, 9.81233787537
0118, O2_B2S1, 0.33 volt, 9.85497093201
0119, O2_B2S2, 0.33 volt, 9.90530800819
010D, SPEED, 31 kph, 9.93714499474
011E, AUX_INPUT_STATUS, False, 9.9803750515
0106, SHORT_FUEL_TRIM_1, 0.0 percent, 10.030381918
0108, SHORT_FUEL_TRIM_2, -0.78125 percent, 10.0621500015
010C, RPM, 1362.0 revolutions_per_minute, 10.1052808762
0115, O2_B1S2, 0.0 volt, 10.1551318169
0114, O2_B1S1, 0.055 volt, 10.2074010372
010F, INTAKE_TEMP, 27 degC, 10.2582318783
010E, TIMING_ADVANCE, 39.0 degree, 10.3073990345
0109, LONG_FUEL_TRIM_2, -1.5625 percent, 10.3553960323
0107, LONG_FUEL_TRIM_1, -0.78125 percent, 10.4053938389
0110, MAF, 15.32 gps, 10.4574899673
0104, ENGINE_LOAD, 6.27450980392 percent, 10.5074059963
010B, INTAKE_PRESSURE, 35 kilopascal, 10.5594229698
0105, COOLANT_TEMP, 83 degC, 10.6054580212
0111, THROTTLE_POS, 14.1176470588 percent, 10.6554260254
0118, O2_B2S1, 0.86 volt, 10.7053339481
0119, O2_B2S2, 0.0 volt, 10.7554109097
010D, SPEED, 31 kph, 10.8074438572
011E, AUX_INPUT_STATUS, False, 10.8553099632
0106, SHORT_FUEL_TRIM_1, -3.125 percent, 10.905397892
0108, SHORT_FUEL_TRIM_2, -4.6875 percent, 10.9573738575
010C, RPM, 1067.75 revolutions_per_minute, 11.0183849335
0115, O2_B1S2, 0.52 volt, 11.0553410053
0114, O2_B1S1, 0.8 volt, 11.1049628258
010F, INTAKE_TEMP, 27 degC, 11.1549768448
010E, TIMING_ADVANCE, 29.0 degree, 11.2083530426
0109, LONG_FUEL_TRIM_2, 4.6875 percent, 11.2553298473
0107, LONG_FUEL_TRIM_1, 2.34375 percent, 11.3104670048
0110, MAF, 19.25 gps, 11.3555459976
0104, ENGINE_LOAD, 7.45098039216 percent, 11.4054918289
010B, INTAKE_PRESSURE, 46 kilopascal, 11.458480835
0105, COOLANT_TEMP, 83 degC, 11.5053758621
0111, THROTTLE_POS, 15.6862745098 percent, 11.5374698639
0118, O2_B2S1, 0.87 volt, 11.58056283
0119, O2_B2S2, 0.515 volt, 11.6304979324
010D, SPEED, 31 kph, 11.66274786
011E, AUX_INPUT_STATUS, False, 11.7052989006
0106, SHORT_FUEL_TRIM_1, -6.25 percent, 11.7575109005
0108, SHORT_FUEL_TRIM_2, -6.25 percent, 11.808423996
010C, RPM, 1181.5 revolutions_per_minute, 11.8555338383
0115, O2_B1S2, 0.5 volt, 11.9055199623
0114, O2_B1S1, 0.485 volt, 11.9363298416
010F, INTAKE_TEMP, 27 degC, 11.9803078175
010E, TIMING_ADVANCE, 31.0 degree, 12.0093100071
0109, LONG_FUEL_TRIM_2, 4.6875 percent, 12.0552349091
0107, LONG_FUEL_TRIM_1, 2.34375 percent, 12.1055300236
0110, MAF, 16.05 gps, 12.1554670334
0104, ENGINE_LOAD, 5.88235294118 percent, 12.2055490017
010B, INTAKE_PRESSURE, 41 kilopascal, 12.2572929859
0105, COOLANT_TEMP, 83 degC, 12.3074929714
0111, THROTTLE_POS, 13.7254901961 percent, 12.360560894
0118, O2_B2S1, 0.875 volt, 12.4075548649
0119, O2_B2S2, 0.065 volt, 12.4552948475
010D, SPEED, 32 kph, 12.5055339336
011E, AUX_INPUT_STATUS, False, 12.5555770397
0106, SHORT_FUEL_TRIM_1, -5.46875 percent, 12.6076478958
0108, SHORT_FUEL_TRIM_2, -5.46875 percent, 12.6555709839
010C, RPM, 1079.5 revolutions_per_minute, 12.705575943
0115, O2_B1S2, 0.455 volt, 12.755494833
0114, O2_B1S1, 0.16 volt, 12.8106269836
010F, INTAKE_TEMP, 27 degC, 12.8555839062
010E, TIMING_ADVANCE, 31.0 degree, 12.9086630344
0109, LONG_FUEL_TRIM_2, 4.6875 percent, 12.9555988312
0107, LONG_FUEL_TRIM_1, 2.34375 percent, 13.0086150169
0110, MAF, 15.55 gps, 13.0586278439
0104, ENGINE_LOAD, 6.27450980392 percent, 13.1056759357
010B, INTAKE_PRESSURE, 42 kilopascal, 13.1583528519
0105, COOLANT_TEMP, 84 degC, 13.2076280117
0111, THROTTLE_POS, 14.9019607843 percent, 13.2552399635
0118, O2_B2S1, 0.81 volt, 13.307641983
0119, O2_B2S2, 0.58 volt, 13.3555569649
010D, SPEED, 32 kph, 13.405684948
011E, AUX_INPUT_STATUS, False, 13.4557108879
0106, SHORT_FUEL_TRIM_1, -6.25 percent, 13.5055499077
0108, SHORT_FUEL_TRIM_2, -7.03125 percent, 13.5379729271
010C, RPM, 1136.5 revolutions_per_minute, 13.5785939693
0115, O2_B1S2, 0.515 volt, 13.6305749416
0114, O2_B1S1, 0.725 volt, 13.6645350456
010F, INTAKE_TEMP, 26 degC, 13.7085549831
010E, TIMING_ADVANCE, 31.5 degree, 13.755592823
0109, LONG_FUEL_TRIM_2, 3.125 percent, 13.7890388966
0107, LONG_FUEL_TRIM_1, 2.34375 percent, 13.8326230049
0110, MAF, 15.22 gps, 13.8806729317
0104, ENGINE_LOAD, 5.88235294118 percent, 13.9096179008
010B, INTAKE_PRESSURE, 41 kilopascal, 13.9586799145
0105, COOLANT_TEMP, 84 degC, 14.0056648254
0111, THROTTLE_POS, 13.7254901961 percent, 14.0576858521
0118, O2_B2S1, 0.13 volt, 14.1056909561
0119, O2_B2S2, 0.03 volt, 14.1351439953
010D, SPEED, 32 kph, 14.1806149483
011E, AUX_INPUT_STATUS, False, 14.2096090317
0106, SHORT_FUEL_TRIM_1, 0.0 percent, 14.2556860447
0108, SHORT_FUEL_TRIM_2, 0.0 percent, 14.3056869507
010C, RPM, 1097.25 revolutions_per_minute, 14.3556988239
0115, O2_B1S2, 0.0 volt, 14.4056119919
0114, O2_B1S1, 0.855 volt, 14.4577150345
010F, INTAKE_TEMP, 26 degC, 14.5053730011
010E, TIMING_ADVANCE, 32.0 degree, 14.5577068329
0109, LONG_FUEL_TRIM_2, 3.125 percent, 14.6087119579
0107, LONG_FUEL_TRIM_1, 2.34375 percent, 14.657613039
0110, MAF, 14.42 gps, 14.7076869011
0104, ENGINE_LOAD, 5.88235294118 percent, 14.7556819916
010B, INTAKE_PRESSURE, 40 kilopascal, 14.8077199459
0105, COOLANT_TEMP, 84 degC, 14.8576669693
0111, THROTTLE_POS, 13.3333333333 percent, 14.9077570438
0118, O2_B2S1, 0.16 volt, 14.9574608803
0119, O2_B2S2, 0.4 volt, 15.005614996
010D, SPEED, 32 kph, 15.0558550358
011E, AUX_INPUT_STATUS, False, 15.105768919
0106, SHORT_FUEL_TRIM_1, -4.6875 percent, 15.1595480442
0108, SHORT_FUEL_TRIM_2, -5.46875 percent, 15.2057569027
010C, RPM, 1079.5 revolutions_per_minute, 15.255398035
0115, O2_B1S2, 0.415 volt, 15.3074769974
0114, O2_B1S1, 0.865 volt, 15.3578329086
010F, INTAKE_TEMP, 26 degC, 15.4055519104
010E, TIMING_ADVANCE, 33.0 degree, 15.4557700157
0109, LONG_FUEL_TRIM_2, 3.125 percent, 15.505781889
0107, LONG_FUEL_TRIM_1, 2.34375 percent, 15.5557188988
0110, MAF, 9.73 gps, 15.60572505
0104, ENGINE_LOAD, 3.52941176471 percent, 15.6576948166
010B, INTAKE_PRESSURE, 34 kilopascal, 15.7057278156
0105, COOLANT_TEMP, 84 degC, 15.7557339668
0111, THROTTLE_POS, 9.80392156863 percent, 15.787653923
0118, O2_B2S1, 0.1 volt, 15.8308160305
0119, O2_B2S2, 0.61 volt, 15.8828139305
010D, SPEED, 32 kph, 15.9308278561
011E, AUX_INPUT_STATUS, False, 15.9825718403
0106, SHORT_FUEL_TRIM_1, 0.0 percent, 16.030561924
0108, SHORT_FUEL_TRIM_2, -1.5625 percent, 16.0848419666
010C, RPM, 923.75 revolutions_per_minute, 16.1386518478
0115, O2_B1S2, 0.4 volt, 16.1826348305
0114, O2_B1S1, 0.87 volt, 16.2128229141
010F, INTAKE_TEMP, 26 degC, 16.2806248665
010E, TIMING_ADVANCE, 20.0 degree, 16.3308699131
0109, LONG_FUEL_TRIM_2, -1.5625 percent, 16.3848078251
0107, LONG_FUEL_TRIM_1, -0.78125 percent, 16.4309418201
0110, MAF, 7.62 gps, 16.4599380493
0104, ENGINE_LOAD, 2.74509803922 percent, 16.5059249401
010B, INTAKE_PRESSURE, 30 kilopascal, 16.5558798313
0105, COOLANT_TEMP, 84 degC, 16.6059248447
0111, THROTTLE_POS, 8.23529411765 percent, 16.6579229832
0118, O2_B2S1, 0.855 volt, 16.7059848309
0119, O2_B2S2, 0.62 volt, 16.7559030056
010D, SPEED, 32 kph, 16.807915926
011E, AUX_INPUT_STATUS, False, 16.8558859825
0106, SHORT_FUEL_TRIM_1, -0.78125 percent, 16.9060029984
0108, SHORT_FUEL_TRIM_2, -1.5625 percent, 16.9558279514
010C, RPM, 840.0 revolutions_per_minute, 17.0079159737
0115, O2_B1S2, 0.545 volt, 17.0558729172
0114, O2_B1S1, 0.07 volt, 17.1059608459
010F, INTAKE_TEMP, 26 degC, 17.1587138176
010E, TIMING_ADVANCE, 19.0 degree, 17.2089219093
0109, LONG_FUEL_TRIM_2, -2.34375 percent, 17.2558338642
0107, LONG_FUEL_TRIM_1, -0.78125 percent, 17.3059749603
0110, MAF, 7.6 gps, 17.3559348583
0104, ENGINE_LOAD, 2.74509803922 percent, 17.4179859161
010B, INTAKE_PRESSURE, 30 kilopascal, 17.4559290409
0105, COOLANT_TEMP, 84 degC, 17.5079388618
0111, THROTTLE_POS, 8.23529411765 percent, 17.5559608936
0118, O2_B2S1, 0.065 volt, 17.6060090065
0119, O2_B2S2, 0.08 volt, 17.6580150127
010D, SPEED, 31 kph, 17.7079730034
011E, AUX_INPUT_STATUS, False, 17.7580168247
0106, SHORT_FUEL_TRIM_1, -4.6875 percent, 17.8059978485
0108, SHORT_FUEL_TRIM_2, 0.0 percent, 17.8379759789
010C, RPM, 821.25 revolutions_per_minute, 17.8810508251
0115, O2_B1S2, 0.515 volt, 17.9309899807
0114, O2_B1S1, 0.78 volt, 17.9627408981
010F, INTAKE_TEMP, 26 degC, 18.0060138702
010E, TIMING_ADVANCE, 18.0 degree, 18.059967041
0109, LONG_FUEL_TRIM_2, -2.34375 percent, 18.1079978943
0107, LONG_FUEL_TRIM_1, -0.78125 percent, 18.1580848694
0110, MAF, 6.87 gps, 18.2060370445
0104, ENGINE_LOAD, 2.74509803922 percent, 18.2359828949
010B, INTAKE_PRESSURE, 30 kilopascal, 18.280987978
0105, COOLANT_TEMP, 84 degC, 18.3106069565
0111, THROTTLE_POS, 7.45098039216 percent, 18.3590660095
0118, O2_B2S1, 0.075 volt, 18.4090058804
0119, O2_B2S2, 0.0 volt, 18.4560229778
010D, SPEED, 30 kph, 18.5060689449
011E, AUX_INPUT_STATUS, False, 18.5580658913
0106, SHORT_FUEL_TRIM_1, 0.0 percent, 18.6059958935
0108, SHORT_FUEL_TRIM_2, 2.34375 percent, 18.6580169201
010C, RPM, 784.75 revolutions_per_minute, 18.7309699059
0115, O2_B1S2, 0.4 volt, 18.7830338478
0114, O2_B1S1, 0.065 volt, 18.8310389519
010F, INTAKE_TEMP, 26 degC, 18.8810319901
010E, TIMING_ADVANCE, 17.5 degree, 18.9330329895
0109, LONG_FUEL_TRIM_2, -0.78125 percent, 18.9830470085
0107, LONG_FUEL_TRIM_1, -1.5625 percent, 19.0340998173
0110, MAF, 6.8 gps, 19.0811309814
0104, ENGINE_LOAD, 2.35294117647 percent, 19.1330690384
010B, INTAKE_PRESSURE, 30 kilopascal, 19.1811079979
0105, COOLANT_TEMP, 84 degC, 19.2308719158
0111, THROTTLE_POS, 7.05882352941 percent, 19.2809729576
0118, O2_B2S1, 0.87 volt, 19.3331608772
0119, O2_B2S2, 0.015 volt, 19.3830969334
010D, SPEED, 29 kph, 19.4306788445
011E, AUX_INPUT_STATUS, False, 19.4838409424
0106, SHORT_FUEL_TRIM_1, -3.90625 percent, 19.5341358185
0108, SHORT_FUEL_TRIM_2, -3.125 percent, 19.5810899734
010C, RPM, 750.25 revolutions_per_minute, 19.6307988167
0115, O2_B1S2, 0.45 volt, 19.6808769703
0114, O2_B1S1, 0.82 volt, 19.7308909893
010F, INTAKE_TEMP, 26 degC, 19.7828738689
010E, TIMING_ADVANCE, 17.5 degree, 19.8308370113
0109, LONG_FUEL_TRIM_2, -0.78125 percent, 19.8811678886
0107, LONG_FUEL_TRIM_1, -1.5625 percent, 19.9311869144
0110, MAF, 6.75 gps, 19.9808409214
0104, ENGINE_LOAD, 2.35294117647 percent, 20.0105729103
010B, INTAKE_PRESSURE, 31 kilopascal, 20.0561230183
0105, COOLANT_TEMP, 84 degC, 20.1081249714
0111, THROTTLE_POS, 7.05882352941 percent, 20.1601500511
0118, O2_B2S1, 0.76 volt, 20.206152916
0119, O2_B2S2, 0.16 volt, 20.2349498272
010D, SPEED, 28 kph, 20.283000946
011E, AUX_INPUT_STATUS, False, 20.3308718204
0106, SHORT_FUEL_TRIM_1, 0.0 percent, 20.3581929207
0108, SHORT_FUEL_TRIM_2, -3.90625 percent, 20.4058279991
010C, RPM, 755.25 revolutions_per_minute, 20.433221817
0115, O2_B1S2, 0.46 volt, 20.484181881
0114, O2_B1S1, 0.235 volt, 20.5311720371
010F, INTAKE_TEMP, 26 degC, 20.561218977
010E, TIMING_ADVANCE, 17.5 degree, 20.6062698364
0109, LONG_FUEL_TRIM_2, -0.78125 percent, 20.6581809521
0107, LONG_FUEL_TRIM_1, -1.5625 percent, 20.7082049847
0110, MAF, 6.75 gps, 20.7562580109
0104, ENGINE_LOAD, 2.35294117647 percent, 20.7844769955
010B, INTAKE_PRESSURE, 31 kilopascal, 20.8310060501
0105, COOLANT_TEMP, 84 degC, 20.8812568188
0111, THROTTLE_POS, 7.05882352941 percent, 20.9312498569
0118, O2_B2S1, 0.315 volt, 20.9812150002
0119, O2_B2S2, 0.105 volt, 21.0312108994
010D, SPEED, 27 kph, 21.081264019
011E, AUX_INPUT_STATUS, False, 21.1312098503
0106, SHORT_FUEL_TRIM_1, -3.90625 percent, 21.1831250191
0108, SHORT_FUEL_TRIM_2, 0.0 percent, 21.2544670105
010C, RPM, 749.5 revolutions_per_minute, 21.30823493
0115, O2_B1S2, 0.515 volt, 21.3560199738
0114, O2_B1S1, 0.77 volt, 21.4063520432
010F, INTAKE_TEMP, 26 degC, 21.4582500458
010E, TIMING_ADVANCE, 17.5 degree, 21.5062599182
0109, LONG_FUEL_TRIM_2, -0.78125 percent, 21.556306839
0107, LONG_FUEL_TRIM_1, -1.5625 percent, 21.6062760353
0110, MAF, 6.78 gps, 21.6582758427
0104, ENGINE_LOAD, 2.35294117647 percent, 21.7062718868
010B, INTAKE_PRESSURE, 32 kilopascal, 21.7582809925
0105, COOLANT_TEMP, 84 degC, 21.806278944
0111, THROTTLE_POS, 7.05882352941 percent, 21.8382599354
0118, O2_B2S1, 0.265 volt, 21.8812668324
0119, O2_B2S2, 0.03 volt, 21.9312829971
010D, SPEED, 25 kph, 21.9632749557
011E, AUX_INPUT_STATUS, False, 22.0062248707
0106, SHORT_FUEL_TRIM_1, 0.0 percent, 22.0593090057
0108, SHORT_FUEL_TRIM_2, -3.90625 percent, 22.106345892
010C, RPM, 701.0 revolutions_per_minute, 22.1580469608
0115, O2_B1S2, 0.37 volt, 22.2062568665
0114, O2_B1S1, 0.105 volt, 22.2360680103
010F, INTAKE_TEMP, 26 degC, 22.2813668251
010E, TIMING_ADVANCE, 17.5 degree, 22.3310189247
0109, LONG_FUEL_TRIM_2, -0.78125 percent, 22.3596289158
0107, LONG_FUEL_TRIM_1, -1.5625 percent, 22.4063439369
0110, MAF, 6.82 gps, 22.4353330135
0104, ENGINE_LOAD, 2.74509803922 percent, 22.4809849262
010B, INTAKE_PRESSURE, 33 kilopascal, 22.5382409096
0105, COOLANT_TEMP, 84 degC, 22.5833008289
0111, THROTTLE_POS, 7.05882352941 percent, 22.6332559586
0118, O2_B2S1, 0.88 volt, 22.6847360134
0119, O2_B2S2, 0.02 volt, 22.7363188267
010D, SPEED, 21 kph, 22.7813420296
011E, AUX_INPUT_STATUS, False, 22.8311200142
0106, SHORT_FUEL_TRIM_1, -3.90625 percent, 22.8813478947
0108, SHORT_FUEL_TRIM_2, -3.90625 percent, 22.9343369007
010C, RPM, 624.0 revolutions_per_minute, 22.9833519459
0115, O2_B1S2, 0.435 volt, 23.0347859859
0114, O2_B1S1, 0.845 volt, 23.08137393
010F, INTAKE_TEMP, 26 degC, 23.1312408447
010E, TIMING_ADVANCE, 17.5 degree, 23.1833670139
0109, LONG_FUEL_TRIM_2, 0.78125 percent, 23.2311809063
0107, LONG_FUEL_TRIM_1, 1.5625 percent, 23.2833738327
0110, MAF, 6.64 gps, 23.330878973
0104, ENGINE_LOAD, 2.35294117647 percent, 23.3833918571
010B, INTAKE_PRESSURE, 34 kilopascal, 23.4313769341
0105, COOLANT_TEMP, 84 degC, 23.4834618568
0111, THROTTLE_POS, 6.66666666667 percent, 23.530867815
0118, O2_B2S1, 0.77 volt, 23.5843269825
0119, O2_B2S2, 0.13 volt, 23.6312308311
010D, SPEED, 17 kph, 23.6844718456
011E, AUX_INPUT_STATUS, False, 23.731415987
0106, SHORT_FUEL_TRIM_1, -4.6875 percent, 23.7814059258
0108, SHORT_FUEL_TRIM_2, -4.6875 percent, 23.8194060326
010C, RPM, 787.5 revolutions_per_minute, 23.8564898968
0115, O2_B1S2, 0.48 volt, 23.9064869881
0114, O2_B1S1, 0.85 volt, 23.9562180042
010F, INTAKE_TEMP, 26 degC, 24.0081908703
010E, TIMING_ADVANCE, 17.5 degree, 24.0564379692
0109, LONG_FUEL_TRIM_2, 0.78125 percent, 24.0861799717
0107, LONG_FUEL_TRIM_1, 1.5625 percent, 24.1314589977
0110, MAF, 6.48 gps, 24.1814529896
0104, ENGINE_LOAD, 2.35294117647 percent, 24.2312119007
010B, INTAKE_PRESSURE, 31 kilopascal, 24.2814450264
0105, COOLANT_TEMP, 84 degC, 24.3313560486
0111, THROTTLE_POS, 6.66666666667 percent, 24.3611438274
0118, O2_B2S1, 0.845 volt, 24.4062678814
0119, O2_B2S2, 0.165 volt, 24.4563920498
010D, SPEED, 15 kph, 24.4914338589
011E, AUX_INPUT_STATUS, False, 24.5334949493
0106, SHORT_FUEL_TRIM_1, -5.46875 percent, 24.5582649708
0108, SHORT_FUEL_TRIM_2, -5.46875 percent, 24.6064879894
010C, RPM, 676.0 revolutions_per_minute, 24.6585550308
0115, O2_B1S2, 0.53 volt, 24.7105588913
0114, O2_B1S1, 0.845 volt, 24.7564959526
010F, INTAKE_TEMP, 26 degC, 24.8105099201
010E, TIMING_ADVANCE, 17.5 degree, 24.8584918976
0109, LONG_FUEL_TRIM_2, 0.78125 percent, 24.9065299034
0107, LONG_FUEL_TRIM_1, 1.5625 percent, 24.9562599659
0110, MAF, 6.38 gps, 25.0082588196
0104, ENGINE_LOAD, 2.35294117647 percent, 25.0585029125
010B, INTAKE_PRESSURE, 33 kilopascal, 25.1085100174
0105, COOLANT_TEMP, 84 degC, 25.1602509022
0111, THROTTLE_POS, 6.66666666667 percent, 25.2065169811
0118, O2_B2S1, 0.27 volt, 25.2562789917
0119, O2_B2S2, 0.375 volt, 25.3095378876
010D, SPEED, 13 kph, 25.3565659523
011E, AUX_INPUT_STATUS, False, 25.4095349312
0106, SHORT_FUEL_TRIM_1, -7.03125 percent, 25.4613330364
0108, SHORT_FUEL_TRIM_2, -1.5625 percent, 25.5095479488
010C, RPM, 621.0 revolutions_per_minute, 25.5585739613
0115, O2_B1S2, 0.55 volt, 25.6095569134
0114, O2_B1S1, 0.735 volt, 25.6615760326
010F, INTAKE_TEMP, 26 degC, 25.70657897
010E, TIMING_ADVANCE, 17.5 degree, 25.7566759586
0109, LONG_FUEL_TRIM_2, 0.78125 percent, 25.8065869808
0107, LONG_FUEL_TRIM_1, 0.78125 percent, 25.8565878868
0110, MAF, 6.22 gps, 25.9066808224
0104, ENGINE_LOAD, 2.35294117647 percent, 25.9385688305
010B, INTAKE_PRESSURE, 35 kilopascal, 25.9832718372
0105, COOLANT_TEMP, 85 degC, 26.0316040516
0111, THROTTLE_POS, 6.66666666667 percent, 26.0816118717
0118, O2_B2S1, 0.85 volt, 26.1316158772
0119, O2_B2S2, 0.06 volt, 26.1835989952
010D, SPEED, 10 kph, 26.2313849926
011E, AUX_INPUT_STATUS, False, 26.2816209793
0106, SHORT_FUEL_TRIM_1, -1.5625 percent, 26.3334300518
0108, SHORT_FUEL_TRIM_2, -1.5625 percent, 26.379529953
010C, RPM, 618.75 revolutions_per_minute, 26.4316380024
0115, O2_B1S2, 0.53 volt, 26.4604659081
0114, O2_B1S1, 0.865 volt, 26.5067059994
010F, INTAKE_TEMP, 26 degC, 26.5355730057
010E, TIMING_ADVANCE, 17.5 degree, 26.5817198753
0109, LONG_FUEL_TRIM_2, 0.78125 percent, 26.6106410027
0107, LONG_FUEL_TRIM_1, 0.78125 percent, 26.6586248875
0110, MAF, 6.24 gps, 26.7116930485
0104, ENGINE_LOAD, 2.35294117647 percent, 26.7566690445
010B, INTAKE_PRESSURE, 34 kilopascal, 26.8086378574
0105, COOLANT_TEMP, 85 degC, 26.8595609665
0111, THROTTLE_POS, 6.66666666667 percent, 26.9086568356
0118, O2_B2S1, 0.915 volt, 26.9585468769
0119, O2_B2S2, 0.21 volt, 27.0086569786
010D, SPEED, 7 kph, 27.0566899776
011E, AUX_INPUT_STATUS, False, 27.1066868305
0106, SHORT_FUEL_TRIM_1, -1.5625 percent, 27.1606600285
0108, SHORT_FUEL_TRIM_2, -2.34375 percent, 27.2066969872
010C, RPM, 666.25 revolutions_per_minute, 27.2586698532
0115, O2_B1S2, 0.585 volt, 27.3106949329
0114, O2_B1S1, 0.895 volt, 27.3565378189
010F, INTAKE_TEMP, 26 degC, 27.4096870422
010E, TIMING_ADVANCE, 17.5 degree, 27.4597630501
0109, LONG_FUEL_TRIM_2, 0.78125 percent, 27.5067369938
0107, LONG_FUEL_TRIM_1, 0.78125 percent, 27.5586948395
0110, MAF, 5.94 gps, 27.6068129539
0104, ENGINE_LOAD, 2.35294117647 percent, 27.6584379673
010B, INTAKE_PRESSURE, 34 kilopascal, 27.7086858749
0105, COOLANT_TEMP, 85 degC, 27.7566969395
0111, THROTTLE_POS, 6.27450980392 percent, 27.8087110519
0118, O2_B2S1, 0.895 volt, 27.8568270206
0119, O2_B2S2, 0.745 volt, 27.9067118168
010D, SPEED, 6 kph, 27.9564669132
011E, AUX_INPUT_STATUS, False, 28.0067749023
0106, SHORT_FUEL_TRIM_1, -3.90625 percent, 28.0566618443
0108, SHORT_FUEL_TRIM_2, -4.6875 percent, 28.1067750454
010C, RPM, 549.0 revolutions_per_minute, 28.1568620205
0115, O2_B1S2, 0.62 volt, 28.2087669373
0114, O2_B1S1, 0.855 volt, 28.2597799301
010F, INTAKE_TEMP, 26 degC, 28.3097648621
010E, TIMING_ADVANCE, 15.0 degree, 28.3568558693
0109, LONG_FUEL_TRIM_2, 8.59375 percent, 28.3865289688
0107, LONG_FUEL_TRIM_1, 7.03125 percent, 28.4319000244
0110, MAF, 14.74 gps, 28.4848368168
0104, ENGINE_LOAD, 5.49019607843 percent, 28.5336778164
010B, INTAKE_PRESSURE, 50 kilopascal, 28.5815498829
0105, COOLANT_TEMP, 85 degC, 28.6315419674
0111, THROTTLE_POS, 11.3725490196 percent, 28.6818549633
0118, O2_B2S1, 0.875 volt, 28.7338359356
0119, O2_B2S2, 0.2 volt, 28.7858409882
010D, SPEED, 7 kph, 28.8347909451
011E, AUX_INPUT_STATUS, False, 28.8818559647
0106, SHORT_FUEL_TRIM_1, -5.46875 percent, 28.9338419437
0108, SHORT_FUEL_TRIM_2, -6.25 percent, 28.985476017
010C, RPM, 992.0 revolutions_per_minute, 29.0318398476
0115, O2_B1S2, 0.555 volt, 29.0817568302
0114, O2_B1S1, 0.085 volt, 29.1319208145
010F, INTAKE_TEMP, 26 degC, 29.1819519997
010E, TIMING_ADVANCE, 27.5 degree, 29.2336409092
0109, LONG_FUEL_TRIM_2, 3.125 percent, 29.2848069668
0107, LONG_FUEL_TRIM_1, 2.34375 percent, 29.3318738937
0110, MAF, 20.04 gps, 29.3819060326
0104, ENGINE_LOAD, 7.8431372549 percent, 29.4318649769
010B, INTAKE_PRESSURE, 50 kilopascal, 29.4819729328
0105, COOLANT_TEMP, 85 degC, 29.5319440365
0111, THROTTLE_POS, 16.0784313725 percent, 29.5819599628
0118, O2_B2S1, 0.235 volt, 29.6349430084
0119, O2_B2S2, 0.01 volt, 29.6838710308
010D, SPEED, 10 kph, 29.7318170071
011E, AUX_INPUT_STATUS, False, 29.7820210457
0106, SHORT_FUEL_TRIM_1, -3.125 percent, 29.8338449001
0108, SHORT_FUEL_TRIM_2, -3.125 percent, 29.8819890022
010C, RPM, 1224.75 revolutions_per_minute, 29.9319088459
0115, O2_B1S2, 0.0 volt, 29.9835639
0114, O2_B1S1, 0.06 volt, 30.0339188576
010F, INTAKE_TEMP, 26 degC, 30.0818839073
010E, TIMING_ADVANCE, 30.0 degree, 30.1320149899
0109, LONG_FUEL_TRIM_2, 3.125 percent, 30.1688318253
0107, LONG_FUEL_TRIM_1, 2.34375 percent, 30.2189068794
0110, MAF, 18.05 gps, 30.2565448284
0104, ENGINE_LOAD, 7.05882352941 percent, 30.2888069153
010B, INTAKE_PRESSURE, 46 kilopascal, 30.3319449425
0105, COOLANT_TEMP, 85 degC, 30.384871006
0111, THROTTLE_POS, 14.9019607843 percent, 30.4319460392
0118, O2_B2S1, 0.13 volt, 30.4838688374
0119, O2_B2S2, 0.005 volt, 30.5339128971
010D, SPEED, 13 kph, 30.5839278698
011E, AUX_INPUT_STATUS, False, 30.63189888
0106, SHORT_FUEL_TRIM_1, 4.6875 percent, 30.6820340157
0108, SHORT_FUEL_TRIM_2, 0.0 percent, 30.7089869976
010C, RPM, 1200.5 revolutions_per_minute, 30.7590138912
0115, O2_B1S2, 0.0 volt, 30.8119690418
0114, O2_B1S1, 0.065 volt, 30.8570199013
010F, INTAKE_TEMP, 26 degC, 30.8839468956
010E, TIMING_ADVANCE, 32.5 degree, 30.9319980145
0109, LONG_FUEL_TRIM_2, 3.125 percent, 30.9816670418
0107, LONG_FUEL_TRIM_1, 2.34375 percent, 31.0103218555
0110, MAF, 17.07 gps, 31.058907032
0104, ENGINE_LOAD, 6.66666666667 percent, 31.1069660187
010B, INTAKE_PRESSURE, 42 kilopascal, 31.1602008343
0105, COOLANT_TEMP, 85 degC, 31.2069988251
0111, THROTTLE_POS, 15.2941176471 percent, 31.2570040226
0118, O2_B2S1, 0.8 volt, 31.3070039749
0119, O2_B2S2, 0.0 volt, 31.358932972
010D, SPEED, 14 kph, 31.4104509354
011E, AUX_INPUT_STATUS, False, 31.4590740204
0106, SHORT_FUEL_TRIM_1, 0.78125 percent, 31.4999220371
0108, SHORT_FUEL_TRIM_2, 0.78125 percent, 31.5320279598
010C, RPM, 1257.25 revolutions_per_minute, 31.582005024
0115, O2_B1S2, 0.32 volt, 31.634043932
0114, O2_B1S1, 0.805 volt, 31.6820819378
010F, INTAKE_TEMP, 26 degC, 31.7339830399
010E, TIMING_ADVANCE, 31.0 degree, 31.7820978165
0109, LONG_FUEL_TRIM_2, 3.125 percent, 31.8320689201
0107, LONG_FUEL_TRIM_1, 2.34375 percent, 31.8815999031
0110, MAF, 23.82 gps, 31.9319050312
0104, ENGINE_LOAD, 9.41176470588 percent, 31.9818508625
010B, INTAKE_PRESSURE, 49 kilopascal, 32.0319929123
0105, COOLANT_TEMP, 85 degC, 32.0820288658
0111, THROTTLE_POS, 19.6078431373 percent, 32.1320009232
0118, O2_B2S1, 0.875 volt, 32.1821069717
0119, O2_B2S2, 0.64 volt, 32.2339849472
010D, SPEED, 15 kph, 32.2840659618
011E, AUX_INPUT_STATUS, False, 32.3320150375
0106, SHORT_FUEL_TRIM_1, -1.5625 percent, 32.3821158409
0108, SHORT_FUEL_TRIM_2, -0.78125 percent, 32.4118709564
010C, RPM, 1516.75 revolutions_per_minute, 32.4571628571
0115, O2_B1S2, 0.515 volt, 32.507076025
0114, O2_B1S1, 0.675 volt, 32.5571110249
010F, INTAKE_TEMP, 26 degC, 32.6071219444
010E, TIMING_ADVANCE, 30.0 degree, 32.6571748257
0109, LONG_FUEL_TRIM_2, 4.6875 percent, 32.6867609024
0107, LONG_FUEL_TRIM_1, 4.6875 percent, 32.7319309711
0110, MAF, 32.01 gps, 32.7739169598
0104, ENGINE_LOAD, 12.9411764706 percent, 32.832036972
010B, INTAKE_PRESSURE, 55 kilopascal, 32.8593099117
0105, COOLANT_TEMP, 85 degC, 32.9089989662
0111, THROTTLE_POS, 21.1764705882 percent, 32.9589319229
0118, O2_B2S1, 0.845 volt, 33.0071258545
0119, O2_B2S2, 0.33 volt, 33.0601279736
010D, SPEED, 18 kph, 33.1071529388
011E, AUX_INPUT_STATUS, False, 33.1569540501
0106, SHORT_FUEL_TRIM_1, 3.125 percent, 33.1840798855
0108, SHORT_FUEL_TRIM_2, 1.5625 percent, 33.2319118977
010C, RPM, 1714.0 revolutions_per_minute, 33.2821879387
0115, O2_B1S2, 0.35 volt, 33.3321738243
0114, O2_B1S1, 0.805 volt, 33.3821768761
010F, INTAKE_TEMP, 26 degC, 33.4340488911
010E, TIMING_ADVANCE, 31.5 degree, 33.4821798801
0109, LONG_FUEL_TRIM_2, 4.6875 percent, 33.532189846
0107, LONG_FUEL_TRIM_1, 4.6875 percent, 33.5821909904
0110, MAF, 34.02 gps, 33.6341528893
0104, ENGINE_LOAD, 13.7254901961 percent, 33.6821899414
010B, INTAKE_PRESSURE, 54 kilopascal, 33.7571299076
0105, COOLANT_TEMP, 85 degC, 33.8072428703
0111, THROTTLE_POS, 21.568627451 percent, 33.8572230339
0118, O2_B2S1, 0.13 volt, 33.9072079659
0119, O2_B2S2, 0.125 volt, 33.9571909904
010D, SPEED, 22 kph, 34.007242918
011E, AUX_INPUT_STATUS, False, 34.0601909161
0106, SHORT_FUEL_TRIM_1, 4.6875 percent, 34.1101579666
0108, SHORT_FUEL_TRIM_2, 0.0 percent, 34.1570270061
010C, RPM, 1919.25 revolutions_per_minute, 34.2072439194
0115, O2_B1S2, 0.475 volt, 34.2569899559
0114, O2_B1S1, 0.595 volt, 34.3073399067
010F, INTAKE_TEMP, 25 degC, 34.362251997
010E, TIMING_ADVANCE, 34.0 degree, 34.4071769714
0109, LONG_FUEL_TRIM_2, 4.6875 percent, 34.4391679764
0107, LONG_FUEL_TRIM_1, 4.6875 percent, 34.4822649956
0110, MAF, 35.25 gps, 34.5322890282
0104, ENGINE_LOAD, 14.1176470588 percent, 34.5611538887
010B, INTAKE_PRESSURE, 52 kilopascal, 34.607336998
0105, COOLANT_TEMP, 85 degC, 34.6573009491
0111, THROTTLE_POS, 21.568627451 percent, 34.6870348454
0118, O2_B2S1, 0.165 volt, 34.7322950363
0119, O2_B2S2, 0.24 volt, 34.7823438644
010D, SPEED, 24 kph, 34.8112988472
011E, AUX_INPUT_STATUS, False, 34.8573098183
0106, SHORT_FUEL_TRIM_1, 3.90625 percent, 34.8861608505
0108, SHORT_FUEL_TRIM_2, 0.0 percent, 34.9323918819
010C, RPM, 2076.25 revolutions_per_minute, 34.982049942
0115, O2_B1S2, 0.0 volt, 35.0107209682
0114, O2_B1S1, 0.785 volt, 35.0593469143
010F, INTAKE_TEMP, 25 degC, 35.1073269844
010E, TIMING_ADVANCE, 35.5 degree, 35.1590809822
0109, LONG_FUEL_TRIM_2, 4.6875 percent, 35.207326889
0107, LONG_FUEL_TRIM_1, 4.6875 percent, 35.257215023
0110, MAF, 35.94 gps, 35.3073439598
0104, ENGINE_LOAD, 14.1176470588 percent, 35.3573439121
010B, INTAKE_PRESSURE, 53 kilopascal, 35.4073560238
0105, COOLANT_TEMP, 86 degC, 35.4573500156
0111, THROTTLE_POS, 21.568627451 percent, 35.507365942
0118, O2_B2S1, 0.86 volt, 35.5574319363
0119, O2_B2S2, 0.735 volt, 35.6073608398
010D, SPEED, 26 kph, 35.6573858261
011E, AUX_INPUT_STATUS, False, 35.7073819637
0106, SHORT_FUEL_TRIM_1, 3.125 percent, 35.757450819
0108, SHORT_FUEL_TRIM_2, 3.90625 percent, 35.8074519634
010C, RPM, 1573.75 revolutions_per_minute, 35.8574399948
0115, O2_B1S2, 0.265 volt, 35.9073979855
0114, O2_B1S1, 0.805 volt, 35.9569549561
010F, INTAKE_TEMP, 25 degC, 36.0073959827
010E, TIMING_ADVANCE, 28.0 degree, 36.0592758656
0109, LONG_FUEL_TRIM_2, 3.125 percent, 36.1074709892
0107, LONG_FUEL_TRIM_1, 5.46875 percent, 36.1573138237
0110, MAF, 33.67 gps, 36.2074038982
0104, ENGINE_LOAD, 13.3333333333 percent, 36.2572219372
010B, INTAKE_PRESSURE, 59 kilopascal, 36.3073909283
0105, COOLANT_TEMP, 86 degC, 36.357419014
0111, THROTTLE_POS, 21.568627451 percent, 36.3870840073
0118, O2_B2S1, 0.225 volt, 36.4325418472
0119, O2_B2S2, 0.4 volt, 36.4824359417
010D, SPEED, 28 kph, 36.5324308872
011E, AUX_INPUT_STATUS, False, 36.5824420452
0106, SHORT_FUEL_TRIM_1, -1.5625 percent, 36.6324489117
0108, SHORT_FUEL_TRIM_2, -1.5625 percent, 36.6643810272
010C, RPM, 1604.0 revolutions_per_minute, 36.7074599266
0115, O2_B1S2, 0.55 volt, 36.7575290203
0114, O2_B1S1, 0.6 volt, 36.7892768383
010F, INTAKE_TEMP, 25 degC, 36.8324599266
010E, TIMING_ADVANCE, 28.5 degree, 36.8824779987
0109, LONG_FUEL_TRIM_2, 3.125 percent, 36.9322400093
0107, LONG_FUEL_TRIM_1, 5.46875 percent, 36.9607949257
0110, MAF, 34.12 gps, 37.0072360039
0104, ENGINE_LOAD, 13.7254901961 percent, 37.0345718861
010B, INTAKE_PRESSURE, 59 kilopascal, 37.0824768543
0105, COOLANT_TEMP, 86 degC, 37.1097090244
0111, THROTTLE_POS, 21.568627451 percent, 37.1572299004
0118, O2_B2S1, 0.85 volt, 37.210422039
0119, O2_B2S2, 0.735 volt, 37.2575650215
010D, SPEED, 30 kph, 37.3075549603
011E, AUX_INPUT_STATUS, False, 37.3574800491
0106, SHORT_FUEL_TRIM_1, 1.5625 percent, 37.4075069427
0108, SHORT_FUEL_TRIM_2, 3.125 percent, 37.4575519562
010C, RPM, 1626.5 revolutions_per_minute, 37.5075938702
0115, O2_B1S2, 0.51 volt, 37.5593919754
0114, O2_B1S1, 0.815 volt, 37.6074588299
010F, INTAKE_TEMP, 25 degC, 37.6574590206
010E, TIMING_ADVANCE, 28.5 degree, 37.7075879574
0109, LONG_FUEL_TRIM_2, 3.125 percent, 37.7594869137
0107, LONG_FUEL_TRIM_1, 5.46875 percent, 37.807600975
0110, MAF, 34.61 gps, 37.8574249744
0104, ENGINE_LOAD, 13.7254901961 percent, 37.9075980186
010B, INTAKE_PRESSURE, 58 kilopascal, 37.9573159218
0105, COOLANT_TEMP, 86 degC, 38.0075469017
0111, THROTTLE_POS, 21.568627451 percent, 38.0574660301
0118, O2_B2S1, 0.745 volt, 38.1095030308
0119, O2_B2S2, 0.71 volt, 38.1572699547
010D, SPEED, 32 kph, 38.2075109482
011E, AUX_INPUT_STATUS, False, 38.2575910091
0106, SHORT_FUEL_TRIM_1, -2.34375 percent, 38.3075459003
0108, SHORT_FUEL_TRIM_2, 4.6875 percent, 38.3394620419
010C, RPM, 1644.0 revolutions_per_minute, 38.3845360279
0115, O2_B1S2, 0.565 volt, 38.4326488972
0114, O2_B1S1, 0.74 volt, 38.4645049572
010F, INTAKE_TEMP, 24 degC, 38.5075838566
010E, TIMING_ADVANCE, 16.0 degree, 38.557585001
0109, LONG_FUEL_TRIM_2, 3.125 percent, 38.5894649029
0107, LONG_FUEL_TRIM_1, 5.46875 percent, 38.6326129436
0110, MAF, 35.28 gps, 38.6845619678
0104, ENGINE_LOAD, 14.1176470588 percent, 38.7575039864
010B, INTAKE_PRESSURE, 58 kilopascal, 38.8076059818
0105, COOLANT_TEMP, 86 degC, 38.8345139027
0111, THROTTLE_POS, 21.1764705882 percent, 38.8826818466
0118, O2_B2S1, 0.855 volt, 38.9135630131
0119, O2_B2S2, 0.69 volt, 38.9605789185
010D, SPEED, 33 kph, 39.0074088573
011E, AUX_INPUT_STATUS, False, 39.0360398293
0106, SHORT_FUEL_TRIM_1, -3.125 percent, 39.0826308727
0108, SHORT_FUEL_TRIM_2, 3.125 percent, 39.1110570431
010C, RPM, 1598.25 revolutions_per_minute, 39.180672884
0115, O2_B1S2, 0.535 volt, 39.2115838528
0114, O2_B1S1, 0.78 volt, 39.2574598789
010F, INTAKE_TEMP, 24 degC, 39.3076510429
010E, TIMING_ADVANCE, 29.0 degree, 39.3606009483
0109, LONG_FUEL_TRIM_2, 3.125 percent, 39.4074800014
0107, LONG_FUEL_TRIM_1, 5.46875 percent, 39.4596209526
0110, MAF, 29.36 gps, 39.5096108913
0104, ENGINE_LOAD, 10.1960784314 percent, 39.5576839447
010B, INTAKE_PRESSURE, 50 kilopascal, 39.607681036
0105, COOLANT_TEMP, 86 degC, 39.6576828957
0111, THROTTLE_POS, 17.2549019608 percent, 39.7076790333
0118, O2_B2S1, 0.18 volt, 39.7576830387
0119, O2_B2S2, 0.49 volt, 39.8076980114
010D, SPEED, 34 kph, 39.8576958179
011E, AUX_INPUT_STATUS, False, 39.9077498913
0106, SHORT_FUEL_TRIM_1, 0.0 percent, 39.9576120377
0108, SHORT_FUEL_TRIM_2, -2.34375 percent, 40.007267952
010C, RPM, 1533.5 revolutions_per_minute, 40.0573899746
0115, O2_B1S2, 0.265 volt, 40.1077179909
0114, O2_B1S1, 0.28 volt, 40.1574578285
010F, INTAKE_TEMP, 24 degC, 40.2077059746
010E, TIMING_ADVANCE, 34.5 degree, 40.2594349384
0109, LONG_FUEL_TRIM_2, 4.6875 percent, 40.3077230453
0107, LONG_FUEL_TRIM_1, 4.6875 percent, 40.3577239513
0110, MAF, 25.77 gps, 40.407738924
0104, ENGINE_LOAD, 10.1960784314 percent, 40.439704895
010B, INTAKE_PRESSURE, 46 kilopascal, 40.4827389717
0105, COOLANT_TEMP, 86 degC, 40.5328698158
0111, THROTTLE_POS, 18.431372549 percent, 40.5647509098
0118, O2_B2S1, 0.78 volt, 40.6077480316
0119, O2_B2S2, 0.715 volt, 40.659776926
010D, SPEED, 34 kph, 40.7077798843
011E, AUX_INPUT_STATUS, False, 40.7577579021
0106, SHORT_FUEL_TRIM_1, -4.6875 percent, 40.8077809811
0108, SHORT_FUEL_TRIM_2, -3.125 percent, 40.8461709023
010C, RPM, 1268.75 revolutions_per_minute, 40.8827838898
0115, O2_B1S2, 0.57 volt, 40.9346220493
0114, O2_B1S1, 0.835 volt, 40.9826109409
010F, INTAKE_TEMP, 24 degC, 41.0098769665
010E, TIMING_ADVANCE, 26.5 degree, 41.0578858852
0109, LONG_FUEL_TRIM_2, 3.125 percent, 41.0847990513
0107, LONG_FUEL_TRIM_1, 2.34375 percent, 41.1328449249
0110, MAF, 25.03 gps, 41.1828320026
0104, ENGINE_LOAD, 9.80392156863 percent, 41.2100758553
010B, INTAKE_PRESSURE, 56 kilopascal, 41.2575938702
0105, COOLANT_TEMP, 86 degC, 41.2897658348
0111, THROTTLE_POS, 18.431372549 percent, 41.3327970505
0118, O2_B2S1, 0.7 volt, 41.3626060486
0119, O2_B2S2, 0.705 volt, 41.4078068733
010D, SPEED, 33 kph, 41.4597580433
011E, AUX_INPUT_STATUS, False, 41.5078098774
0106, SHORT_FUEL_TRIM_1, -4.6875 percent, 41.5578649044
0108, SHORT_FUEL_TRIM_2, 0.0 percent, 41.6078150272
010C, RPM, 1291.0 revolutions_per_minute, 41.6579298973
0115, O2_B1S2, 0.525 volt, 41.7078390121
0114, O2_B1S1, 0.77 volt, 41.7612469196
010F, INTAKE_TEMP, 23 degC, 41.8078429699
010E, TIMING_ADVANCE, 27.0 degree, 41.8579108715
0109, LONG_FUEL_TRIM_2, 3.125 percent, 41.9098279476
0107, LONG_FUEL_TRIM_1, 2.34375 percent, 41.9575989246
0110, MAF, 25.34 gps, 42.0079319477
0104, ENGINE_LOAD, 10.1960784314 percent, 42.0579679012
010B, INTAKE_PRESSURE, 56 kilopascal, 42.1099159718
0105, COOLANT_TEMP, 86 degC, 42.1578798294
0111, THROTTLE_POS, 18.8235294118 percent, 42.1898379326
0118, O2_B2S1, 0.105 volt, 42.234607935
0119, O2_B2S2, 0.15 volt, 42.2828090191
010D, SPEED, 34 kph, 42.3347480297
011E, AUX_INPUT_STATUS, False, 42.3828048706
0106, SHORT_FUEL_TRIM_1, -4.6875 percent, 42.4328079224
0108, SHORT_FUEL_TRIM_2, -3.90625 percent, 42.4636878967
010C, RPM, 1288.0 revolutions_per_minute, 42.5098898411
0115, O2_B1S2, 0.5 volt, 42.5580208302
0114, O2_B1S1, 0.3 volt, 42.5899119377
010F, INTAKE_TEMP, 23 degC, 42.6329629421
010E, TIMING_ADVANCE, 27.0 degree, 42.6830148697
0109, LONG_FUEL_TRIM_2, 3.125 percent, 42.7168388367
0107, LONG_FUEL_TRIM_1, 2.34375 percent, 42.757972002
0110, MAF, 25.46 gps, 42.809855938
0104, ENGINE_LOAD, 9.80392156863 percent, 42.8398029804
010B, INTAKE_PRESSURE, 56 kilopascal, 42.886687994
0105, COOLANT_TEMP, 86 degC, 42.9348778725
0111, THROTTLE_POS, 18.8235294118 percent, 42.9827508926
0118, O2_B2S1, 0.645 volt, 43.0197939873
0119, O2_B2S2, 0.105 volt, 43.0608160496
010D, SPEED, 34 kph, 43.1078948975
011E, AUX_INPUT_STATUS, False, 43.1577079296
0106, SHORT_FUEL_TRIM_1, 0.0 percent, 43.2099280357
0108, SHORT_FUEL_TRIM_2, -3.90625 percent, 43.2600250244
010C, RPM, 1284.75 revolutions_per_minute, 43.3100018501
0115, O2_B1S2, 0.33 volt, 43.3619549274
0114, O2_B1S1, 0.77 volt, 43.4079809189
010F, INTAKE_TEMP, 23 degC, 43.4580478668
010E, TIMING_ADVANCE, 27.0 degree, 43.5109920502
0109, LONG_FUEL_TRIM_2, 3.125 percent, 43.5599069595
0107, LONG_FUEL_TRIM_1, 2.34375 percent, 43.610033989
0110, MAF, 25.13 gps, 43.6608920097
0104, ENGINE_LOAD, 9.80392156863 percent, 43.7099719048
010B, INTAKE_PRESSURE, 55 kilopascal, 43.7598538399
0105, COOLANT_TEMP, 86 degC, 43.8080098629
0111, THROTTLE_POS, 18.431372549 percent, 43.8580579758
0118, O2_B2S1, 0.855 volt, 43.9079358578
0119, O2_B2S2, 0.735 volt, 43.9576098919
010D, SPEED, 34 kph, 44.0076129436
011E, AUX_INPUT_STATUS, False, 44.0607409477
0106, SHORT_FUEL_TRIM_1, 0.0 percent, 44.1077919006
0108, SHORT_FUEL_TRIM_2, -4.6875 percent, 44.1610169411
010C, RPM, 1286.5 revolutions_per_minute, 44.2109808922
0115, O2_B1S2, 0.425 volt, 44.2581379414
0114, O2_B1S1, 0.7 volt, 44.3008949757
010F, INTAKE_TEMP, 23 degC, 44.3580369949
010E, TIMING_ADVANCE, 19.0 degree, 44.4109859467
0109, LONG_FUEL_TRIM_2, 3.125 percent, 44.4600000381
0107, LONG_FUEL_TRIM_1, 2.34375 percent, 44.5080440044
0110, MAF, 19.39 gps, 44.5609338284
0104, ENGINE_LOAD, 7.8431372549 percent, 44.6170120239
010B, INTAKE_PRESSURE, 47 kilopascal, 44.660009861
0105, COOLANT_TEMP, 86 degC, 44.7120239735
0111, THROTTLE_POS, 16.4705882353 percent, 44.7581329346
0118, O2_B2S1, 0.815 volt, 44.8081140518
0119, O2_B2S2, 0.115 volt, 44.8581600189
010D, SPEED, 34 kph, 44.9081130028
011E, AUX_INPUT_STATUS, False, 44.9579868317
0106, SHORT_FUEL_TRIM_1, -5.46875 percent, 45.0109529495
0108, SHORT_FUEL_TRIM_2, -3.90625 percent, 45.0581548214
010C, RPM, 1253.5 revolutions_per_minute, 45.1081848145
0115, O2_B1S2, 0.48 volt, 45.1610138416
0114, O2_B1S1, 0.265 volt, 45.2100918293
010F, INTAKE_TEMP, 23 degC, 45.2832100391
010E, TIMING_ADVANCE, 29.5 degree, 45.3120210171
0109, LONG_FUEL_TRIM_2, 3.125 percent, 45.3620378971
0107, LONG_FUEL_TRIM_1, 2.34375 percent, 45.4100399017
0110, MAF, 21.99 gps, 45.4581158161
0104, ENGINE_LOAD, 8.62745098039 percent, 45.5101518631
010B, INTAKE_PRESSURE, 50 kilopascal, 45.5730659962
0105, COOLANT_TEMP, 86 degC, 45.6102948189
0111, THROTTLE_POS, 17.6470588235 percent, 45.6581690311
0118, O2_B2S1, 0.125 volt, 45.7101509571
0119, O2_B2S2, 0.17 volt, 45.7610199451
010D, SPEED, 34 kph, 45.8100550175
011E, AUX_INPUT_STATUS, False, 45.8582429886
0106, SHORT_FUEL_TRIM_1, -4.6875 percent, 45.9081099033
0108, SHORT_FUEL_TRIM_2, -3.90625 percent, 45.9581449032
010C, RPM, 1288.75 revolutions_per_minute, 46.0089449883
0115, O2_B1S2, 0.535 volt, 46.0601139069
0114, O2_B1S1, 0.735 volt, 46.1101529598
010F, INTAKE_TEMP, 23 degC, 46.1832048893
010E, TIMING_ADVANCE, 29.0 degree, 46.233011961
0109, LONG_FUEL_TRIM_2, 3.125 percent, 46.2832159996
0107, LONG_FUEL_TRIM_1, 2.34375 percent, 46.3332579136
0110, MAF, 23.35 gps, 46.3832240105
0104, ENGINE_LOAD, 9.01960784314 percent, 46.4332699776
010B, INTAKE_PRESSURE, 51 kilopascal, 46.483217001
0105, COOLANT_TEMP, 87 degC, 46.5331509113
0111, THROTTLE_POS, 18.0392156863 percent, 46.5832219124
0118, O2_B2S1, 0.835 volt, 46.6332309246
0119, O2_B2S2, 0.185 volt, 46.6833050251
010D, SPEED, 34 kph, 46.715159893
011E, AUX_INPUT_STATUS, False, 46.7583339214
0106, SHORT_FUEL_TRIM_1, 0.0 percent, 46.808259964
0108, SHORT_FUEL_TRIM_2, -4.6875 percent, 46.8610458374
010C, RPM, 1300.75 revolutions_per_minute, 46.9111299515
0115, O2_B1S2, 0.12 volt, 46.9611208439
0114, O2_B1S1, 0.165 volt, 47.0100710392
010F, INTAKE_TEMP, 23 degC, 47.0582840443
010E, TIMING_ADVANCE, 30.0 degree, 47.1083350182
0109, LONG_FUEL_TRIM_2, 3.125 percent, 47.1377449036
0107, LONG_FUEL_TRIM_1, 2.34375 percent, 47.1831848621
0110, MAF, 21.25 gps, 47.233039856
0104, ENGINE_LOAD, 8.23529411765 percent, 47.2621839046
010B, INTAKE_PRESSURE, 49 kilopascal, 47.3082959652
0105, COOLANT_TEMP, 87 degC, 47.3601548672
0111, THROTTLE_POS, 16.862745098 percent, 47.4102740288
0118, O2_B2S1, 0.845 volt, 47.4602298737
0119, O2_B2S2, 0.1 volt, 47.508179903
010D, SPEED, 34 kph, 47.5583479404
011E, AUX_INPUT_STATUS, False, 47.6102528572
0106, SHORT_FUEL_TRIM_1, -3.90625 percent, 47.6583478451
0108, SHORT_FUEL_TRIM_2, 0.78125 percent, 47.7102429867
010C, RPM, 1261.0 revolutions_per_minute, 47.7583448887
0115, O2_B1S2, 0.515 volt, 47.8113160133
0114, O2_B1S1, 0.805 volt, 47.8583319187
010F, INTAKE_TEMP, 23 degC, 47.9083199501
010E, TIMING_ADVANCE, 29.5 degree, 47.9582009315
0109, LONG_FUEL_TRIM_2, 3.125 percent, 48.008095026
0107, LONG_FUEL_TRIM_1, 2.34375 percent, 48.0583388805
0110, MAF, 22.06 gps, 48.1083459854
0104, ENGINE_LOAD, 8.62745098039 percent, 48.1834340096
010B, INTAKE_PRESSURE, 50 kilopascal, 48.2328829765
0105, COOLANT_TEMP, 87 degC, 48.2833628654
0111, THROTTLE_POS, 17.2549019608 percent, 48.3334429264
0118, O2_B2S1, 0.5 volt, 48.3834118843
0119, O2_B2S2, 0.63 volt, 48.4333748817
010D, SPEED, 34 kph, 48.4834589958
011E, AUX_INPUT_STATUS, False, 48.5333809853
0106, SHORT_FUEL_TRIM_1, -4.6875 percent, 48.5833928585
0108, SHORT_FUEL_TRIM_2, -4.6875 percent, 48.6172130108
010C, RPM, 1274.5 revolutions_per_minute, 48.6584048271
0115, O2_B1S2, 0.49 volt, 48.7103488445
0114, O2_B1S1, 0.125 volt, 48.7602319717
010F, INTAKE_TEMP, 23 degC, 48.8084378242
010E, TIMING_ADVANCE, 29.0 degree, 48.858397007
0109, LONG_FUEL_TRIM_2, 3.125 percent, 48.9084689617
0107, LONG_FUEL_TRIM_1, 2.34375 percent, 48.96134305
0110, MAF, 22.73 gps, 49.0084788799
0104, ENGINE_LOAD, 9.41176470588 percent, 49.0418498516
010B, INTAKE_PRESSURE, 51 kilopascal, 49.0863568783
0105, COOLANT_TEMP, 87 degC, 49.1352798939
0111, THROTTLE_POS, 18.8235294118 percent, 49.1832108498
0118, O2_B2S1, 0.845 volt, 49.2120418549
0119, O2_B2S2, 0.115 volt, 49.2584459782
010D, SPEED, 34 kph, 49.3084349632
011E, AUX_INPUT_STATUS, False, 49.3584589958
0106, SHORT_FUEL_TRIM_1, -3.90625 percent, 49.4213759899
0108, SHORT_FUEL_TRIM_2, -4.6875 percent, 49.4603888988
010C, RPM, 1347.5 revolutions_per_minute, 49.5084760189
0115, O2_B1S2, 0.585 volt, 49.5584688187
0114, O2_B1S1, 0.74 volt, 49.6103508472
010F, INTAKE_TEMP, 23 degC, 49.6613788605
010E, TIMING_ADVANCE, 27.5 degree, 49.7104349136
0109, LONG_FUEL_TRIM_2, 3.125 percent, 49.7584798336
0107, LONG_FUEL_TRIM_1, 2.34375 percent, 49.808480978
0110, MAF, 28.71 gps, 49.8584969044
0104, ENGINE_LOAD, 11.3725490196 percent, 49.9084899426
010B, INTAKE_PRESSURE, 57 kilopascal, 49.9584100246
0105, COOLANT_TEMP, 88 degC, 50.008494854
0111, THROTTLE_POS, 20.0 percent, 50.058506012
0118, O2_B2S1, 0.87 volt, 50.1085100174
0119, O2_B2S2, 0.355 volt, 50.160269022
010D, SPEED, 34 kph, 50.21144104
011E, AUX_INPUT_STATUS, False, 50.2582669258
0106, SHORT_FUEL_TRIM_1, -3.90625 percent, 50.3085160255
0108, SHORT_FUEL_TRIM_2, 0.0 percent, 50.3614559174
010C, RPM, 1404.75 revolutions_per_minute, 50.4085309505
0115, O2_B1S2, 0.5 volt, 50.4585318565
0114, O2_B1S1, 0.23 volt, 50.508535862
010F, INTAKE_TEMP, 23 degC, 50.561455965
010E, TIMING_ADVANCE, 27.5 degree, 50.6104779243
0109, LONG_FUEL_TRIM_2, 2.34375 percent, 50.6585378647
0107, LONG_FUEL_TRIM_1, 4.6875 percent, 50.7104849815
0110, MAF, 29.17 gps, 50.7584650517
0104, ENGINE_LOAD, 11.3725490196 percent, 50.8085620403
010B, INTAKE_PRESSURE, 58 kilopascal, 50.8586089611
0105, COOLANT_TEMP, 88 degC, 50.9085519314
0111, THROTTLE_POS, 20.0 percent, 50.9394078255
0118, O2_B2S1, 0.12 volt, 50.9830758572
0119, O2_B2S2, 0.125 volt, 51.0332288742
010D, SPEED, 34 kph, 51.0835719109
011E, AUX_INPUT_STATUS, False, 51.1335849762
0106, SHORT_FUEL_TRIM_1, -3.90625 percent, 51.185505867
0108, SHORT_FUEL_TRIM_2, -3.125 percent, 51.2334229946
010C, RPM, 1417.5 revolutions_per_minute, 51.2835938931
0115, O2_B1S2, 0.465 volt, 51.3359358311
0114, O2_B1S1, 0.465 volt, 51.3853788376
010F, INTAKE_TEMP, 23 degC, 51.4334080219
010E, TIMING_ADVANCE, 27.0 degree, 51.4836728573
0109, LONG_FUEL_TRIM_2, 2.34375 percent, 51.5355989933
0107, LONG_FUEL_TRIM_1, 4.6875 percent, 51.5874819756
0110, MAF, 30.12 gps, 51.6336939335
0104, ENGINE_LOAD, 12.1568627451 percent, 51.6835570335
010B, INTAKE_PRESSURE, 59 kilopascal, 51.7336218357
0105, COOLANT_TEMP, 88 degC, 51.7834990025
0111, THROTTLE_POS, 20.3921568627 percent, 51.8336830139
0118, O2_B2S1, 0.705 volt, 51.8853399754
0119, O2_B2S2, 0.7 volt, 51.9355518818
010D, SPEED, 34 kph, 52.0105290413
011E, AUX_INPUT_STATUS, False, 52.0586700439
0106, SHORT_FUEL_TRIM_1, -3.90625 percent, 52.1086788177
0108, SHORT_FUEL_TRIM_2, 1.5625 percent, 52.158493042
010C, RPM, 1442.5 revolutions_per_minute, 52.2105178833
0115, O2_B1S2, 0.555 volt, 52.2585699558
0114, O2_B1S1, 0.165 volt, 52.3087079525
010F, INTAKE_TEMP, 23 degC, 52.3586168289
010E, TIMING_ADVANCE, 27.0 degree, 52.4086389542
0109, LONG_FUEL_TRIM_2, 2.34375 percent, 52.4582099915
0107, LONG_FUEL_TRIM_1, 4.6875 percent, 52.5093510151
0110, MAF, 30.95 gps, 52.5587258339
0104, ENGINE_LOAD, 12.5490196078 percent, 52.6087229252
010B, INTAKE_PRESSURE, 59 kilopascal, 52.6606328487
0105, COOLANT_TEMP, 88 degC, 52.7116289139
0111, THROTTLE_POS, 20.7843137255 percent, 52.7605688572
0118, O2_B2S1, 0.79 volt, 52.8086459637
0119, O2_B2S2, 0.145 volt, 52.8587460518
010D, SPEED, 34 kph, 52.8895628452
011E, AUX_INPUT_STATUS, False, 52.9337689877
0106, SHORT_FUEL_TRIM_1, 3.125 percent, 52.9864218235
0108, SHORT_FUEL_TRIM_2, 1.5625 percent, 53.0154299736
010C, RPM, 1450.0 revolutions_per_minute, 53.0607209206
0115, O2_B1S2, 0.515 volt, 53.10876894
0114, O2_B1S1, 0.865 volt, 53.1432828903
010F, INTAKE_TEMP, 22 degC, 53.185600996
010E, TIMING_ADVANCE, 27.0 degree, 53.2333550453
0109, LONG_FUEL_TRIM_2, 2.34375 percent, 53.2621469498
0107, LONG_FUEL_TRIM_1, 4.6875 percent, 53.3088338375
0110, MAF, 31.2 gps, 53.3371679783
0104, ENGINE_LOAD, 12.5490196078 percent, 53.386507988
010B, INTAKE_PRESSURE, 59 kilopascal, 53.4337468147
0105, COOLANT_TEMP, 88 degC, 53.4607608318
0111, THROTTLE_POS, 20.7843137255 percent, 53.5088410378
0118, O2_B2S1, 0.165 volt, 53.5387749672
0119, O2_B2S2, 0.3 volt, 53.5838019848
010D, SPEED, 34 kph, 53.6338498592
011E, AUX_INPUT_STATUS, False, 53.6614658833
0106, SHORT_FUEL_TRIM_1, -3.125 percent, 53.710755825
0108, SHORT_FUEL_TRIM_2, -1.5625 percent, 53.7656929493
010C, RPM, 1458.25 revolutions_per_minute, 53.8088068962
0115, O2_B1S2, 0.56 volt, 53.8588209152
0114, O2_B1S1, 0.635 volt, 53.8876059055
010F, INTAKE_TEMP, 22 degC, 53.9336960316
010E, TIMING_ADVANCE, 27.0 degree, 53.983602047
0109, LONG_FUEL_TRIM_2, 2.34375 percent, 54.0357818604
0107, LONG_FUEL_TRIM_1, 4.6875 percent, 54.083632946
0110, MAF, 31.33 gps, 54.1356508732
0104, ENGINE_LOAD, 12.5490196078 percent, 54.1836688519
010B, INTAKE_PRESSURE, 59 kilopascal, 54.235599041
0105, COOLANT_TEMP, 88 degC, 54.2836790085
0111, THROTTLE_POS, 21.1764705882 percent, 54.333701849
0118, O2_B2S1, 0.785 volt, 54.3837258816
0119, O2_B2S2, 0.73 volt, 54.4366879463
010D, SPEED, 34 kph, 54.4866039753
011E, AUX_INPUT_STATUS, False, 54.5416908264
0106, SHORT_FUEL_TRIM_1, -3.90625 percent, 54.5857229233
0108, SHORT_FUEL_TRIM_2, 1.5625 percent, 54.6338000298
010C, RPM, 1472.5 revolutions_per_minute, 54.6857779026
0115, O2_B1S2, 0.5 volt, 54.7336878777
0114, O2_B1S1, 0.1 volt, 54.7858939171
010F, INTAKE_TEMP, 22 degC, 54.8337578773
010E, TIMING_ADVANCE, 27.0 degree, 54.8838870525
0109, LONG_FUEL_TRIM_2, 2.34375 percent, 54.9167559147
0107, LONG_FUEL_TRIM_1, 4.6875 percent, 54.9589679241
0110, MAF, 31.99 gps, 55.0089688301
0104, ENGINE_LOAD, 12.5490196078 percent, 55.0589709282
010B, INTAKE_PRESSURE, 60 kilopascal, 55.1108059883
0105, COOLANT_TEMP, 88 degC, 55.1587018967
0111, THROTTLE_POS, 21.1764705882 percent, 55.1887688637
0118, O2_B2S1, 0.79 volt, 55.233853817
0119, O2_B2S2, 0.175 volt, 55.2858839035
010D, SPEED, 35 kph, 55.3338549137
011E, AUX_INPUT_STATUS, False, 55.3839809895
0106, SHORT_FUEL_TRIM_1, 2.34375 percent, 55.4337158203
0108, SHORT_FUEL_TRIM_2, 2.34375 percent, 55.4617209435
010C, RPM, 1470.5 revolutions_per_minute, 55.5127809048
0115, O2_B1S2, 0.58 volt, 55.5589449406
0114, O2_B1S1, 0.84 volt, 55.5878520012
010F, INTAKE_TEMP, 22 degC, 55.6337449551
010E, TIMING_ADVANCE, 26.5 degree, 55.662375927
0109, LONG_FUEL_TRIM_2, 2.34375 percent, 55.7118549347
0107, LONG_FUEL_TRIM_1, 4.6875 percent, 55.7589578629
0110, MAF, 32.39 gps, 55.8207809925
0104, ENGINE_LOAD, 12.9411764706 percent, 55.8609039783
010B, INTAKE_PRESSURE, 60 kilopascal, 55.9099159241
0105, COOLANT_TEMP, 88 degC, 55.9589748383
0111, THROTTLE_POS, 21.1764705882 percent, 56.0087029934
0118, O2_B2S1, 0.22 volt, 56.0619199276
0119, O2_B2S2, 0.305 volt, 56.1118898392
010D, SPEED, 35 kph, 56.1589789391
011E, AUX_INPUT_STATUS, False, 56.2104759216
0106, SHORT_FUEL_TRIM_1, 1.5625 percent, 56.2587668896
0108, SHORT_FUEL_TRIM_2, -2.34375 percent, 56.3109028339
010C, RPM, 1471.25 revolutions_per_minute, 56.3589580059
0115, O2_B1S2, 0.535 volt, 56.4089999199
0114, O2_B1S1, 0.78 volt, 56.4589238167
010F, INTAKE_TEMP, 22 degC, 56.509955883
010E, TIMING_ADVANCE, 27.0 degree, 56.5587580204
0109, LONG_FUEL_TRIM_2, 2.34375 percent, 56.6086409092
0107, LONG_FUEL_TRIM_1, 4.6875 percent, 56.6608788967
0110, MAF, 32.39 gps, 56.710944891
0104, ENGINE_LOAD, 12.9411764706 percent, 56.7590379715
010B, INTAKE_PRESSURE, 60 kilopascal, 56.8099720478
0105, COOLANT_TEMP, 88 degC, 56.8590369225
0111, THROTTLE_POS, 21.1764705882 percent, 56.8957228661
0118, O2_B2S1, 0.335 volt, 56.934087038
0119, O2_B2S2, 0.595 volt, 56.9856820107
010D, SPEED, 35 kph, 57.0359208584
011E, AUX_INPUT_STATUS, False, 57.1029529572
0106, SHORT_FUEL_TRIM_1, 1.5625 percent, 57.1588490009
0108, SHORT_FUEL_TRIM_2, -2.34375 percent, 57.1890158653
010C, RPM, 1485.25 revolutions_per_minute, 57.2338700294
0115, O2_B1S2, 0.52 volt, 57.2840938568
0114, O2_B1S1, 0.825 volt, 57.3148899078
010F, INTAKE_TEMP, 22 degC, 57.359099865
010E, TIMING_ADVANCE, 27.0 degree, 57.40908885
0109, LONG_FUEL_TRIM_2, 2.34375 percent, 57.4372699261
0107, LONG_FUEL_TRIM_1, 4.6875 percent, 57.484995842
0110, MAF, 31.85 gps, 57.5340249538
0104, ENGINE_LOAD, 12.5490196078 percent, 57.5841050148
010B, INTAKE_PRESSURE, 60 kilopascal, 57.6340608597
0105, COOLANT_TEMP, 88 degC, 57.6640348434
0111, THROTTLE_POS, 21.1764705882 percent, 57.711014986
0118, O2_B2S1, 0.825 volt, 57.7591228485
0119, O2_B2S2, 0.715 volt, 57.8120009899
010D, SPEED, 35 kph, 57.8670258522
011E, AUX_INPUT_STATUS, False, 57.909129858
0106, SHORT_FUEL_TRIM_1, 1.5625 percent, 57.9591398239
0108, SHORT_FUEL_TRIM_2, 3.125 percent, 58.0088498592
010C, RPM, 1478.0 revolutions_per_minute, 58.0620989799
0115, O2_B1S2, 0.475 volt, 58.1091349125
0114, O2_B1S1, 0.7 volt, 58.1589748859
010F, INTAKE_TEMP, 22 degC, 58.2110528946
010E, TIMING_ADVANCE, 27.0 degree, 58.2610328197
0109, LONG_FUEL_TRIM_2, 2.34375 percent, 58.3091259003
0107, LONG_FUEL_TRIM_1, 4.6875 percent, 58.3591499329
0110, MAF, 31.85 gps, 58.4110658169
0104, ENGINE_LOAD, 12.5490196078 percent, 58.4591619968
010B, INTAKE_PRESSURE, 60 kilopascal, 58.509157896
0105, COOLANT_TEMP, 88 degC, 58.5591719151
0111, THROTTLE_POS, 21.1764705882 percent, 58.6090829372
0118, O2_B2S1, 0.12 volt, 58.6610770226
0119, O2_B2S2, 0.235 volt, 58.7110848427
010D, SPEED, 36 kph, 58.7591929436
011E, AUX_INPUT_STATUS, False, 58.8091979027
0106, SHORT_FUEL_TRIM_1, -3.90625 percent, 58.859210968
0108, SHORT_FUEL_TRIM_2, -1.5625 percent, 58.9091730118
010C, RPM, 1480.25 revolutions_per_minute, 58.9592089653
0115, O2_B1S2, 0.58 volt, 59.0108230114
0114, O2_B1S1, 0.155 volt, 59.0592198372
010F, INTAKE_TEMP, 22 degC, 59.1131148338
010E, TIMING_ADVANCE, 27.0 degree, 59.161041975
0109, LONG_FUEL_TRIM_2, 2.34375 percent, 59.2120568752
0107, LONG_FUEL_TRIM_1, 4.6875 percent, 59.2592020035
0110, MAF, 31.6 gps, 59.3091249466
0104, ENGINE_LOAD, 12.5490196078 percent, 59.3611450195
010B, INTAKE_PRESSURE, 60 kilopascal, 59.4092309475
0105, COOLANT_TEMP, 88 degC, 59.4592339993
0111, THROTTLE_POS, 21.1764705882 percent, 59.4877040386
0118, O2_B2S1, 0.8 volt, 59.5360569954
0119, O2_B2S2, 0.76 volt, 59.5840120316
010D, SPEED, 36 kph, 59.6112549305
011E, AUX_INPUT_STATUS, False, 59.6621079445
0106, SHORT_FUEL_TRIM_1, 1.5625 percent, 59.7120988369
0108, SHORT_FUEL_TRIM_2, 3.125 percent, 59.7611730099
010C, RPM, 1479.0 revolutions_per_minute, 59.8092768192
0115, O2_B1S2, 0.535 volt, 59.8592908382
0114, O2_B1S1, 0.805 volt, 59.9142718315
010F, INTAKE_TEMP, 21 degC, 59.9593009949
010E, TIMING_ADVANCE, 27.5 degree, 60.009939909
0109, LONG_FUEL_TRIM_2, 2.34375 percent, 60.0592939854
0107, LONG_FUEL_TRIM_1, 4.6875 percent, 60.1092989445
0110, MAF, 28.65 gps, 60.1593060493
0104, ENGINE_LOAD, 11.3725490196 percent, 60.1881940365
010B, INTAKE_PRESSURE, 57 kilopascal, 60.2380058765
0105, COOLANT_TEMP, 88 degC, 60.2871599197
0111, THROTTLE_POS, 19.6078431373 percent, 60.334348917
0118, O2_B2S1, 0.135 volt, 60.3843209743
0119, O2_B2S2, 0.53 volt, 60.4342458248
010D, SPEED, 36 kph, 60.4882349968
011E, AUX_INPUT_STATUS, False, 60.5343248844
0106, SHORT_FUEL_TRIM_1, 1.5625 percent, 60.5842809677
0108, SHORT_FUEL_TRIM_2, 0.0 percent, 60.6343359947
010C, RPM, 1387.75 revolutions_per_minute, 60.6860020161
0115, O2_B1S2, 0.47 volt, 60.7341139317
0114, O2_B1S1, 0.835 volt, 60.7843708992
010F, INTAKE_TEMP, 21 degC, 60.8342678547
010E, TIMING_ADVANCE, 31.0 degree, 60.8843770027
0109, LONG_FUEL_TRIM_2, 3.125 percent, 60.917842865
0107, LONG_FUEL_TRIM_1, 2.34375 percent, 61.0093779564
0110, MAF, 19.21 gps, 61.0594129562
0104, ENGINE_LOAD, 7.45098039216 percent, 61.091383934
010B, INTAKE_PRESSURE, 46 kilopascal, 61.1344048977
0105, COOLANT_TEMP, 88 degC, 61.1843948364
0111, THROTTLE_POS, 15.6862745098 percent, 61.2193100452
0118, O2_B2S1, 0.2 volt, 61.2594058514
0119, O2_B2S2, 0.57 volt, 61.3094010353
010D, SPEED, 35 kph, 61.3431520462
011E, AUX_INPUT_STATUS, False, 61.3862650394
0106, SHORT_FUEL_TRIM_1, -3.125 percent, 61.4362978935
0108, SHORT_FUEL_TRIM_2, 0.0 percent, 61.4844329357
010C, RPM, 1208.0 revolutions_per_minute, 61.5372879505
0115, O2_B1S2, 0.45 volt, 61.5862848759
0114, O2_B1S1, 0.865 volt, 61.6344099045
010F, INTAKE_TEMP, 21 degC, 61.6626999378
010E, TIMING_ADVANCE, 31.5 degree, 61.7113139629
0109, LONG_FUEL_TRIM_2, 3.125 percent, 61.7613089085
0107, LONG_FUEL_TRIM_1, 2.34375 percent, 61.8113179207
0110, MAF, 18.15 gps, 61.859457016
0104, ENGINE_LOAD, 7.05882352941 percent, 61.886510849
010B, INTAKE_PRESSURE, 44 kilopascal, 61.9344580173
0105, COOLANT_TEMP, 88 degC, 61.9873979092
0111, THROTTLE_POS, 15.2941176471 percent, 62.0345170498
0118, O2_B2S1, 0.865 volt, 62.0852890015
0119, O2_B2S2, 0.805 volt, 62.13438797
010D, SPEED, 34 kph, 62.1873459816
011E, AUX_INPUT_STATUS, False, 62.2594978809
0106, SHORT_FUEL_TRIM_1, -3.90625 percent, 62.3094568253
0108, SHORT_FUEL_TRIM_2, -3.90625 percent, 62.3595628738
010C, RPM, 1188.5 revolutions_per_minute, 62.4105029106
0115, O2_B1S2, 0.635 volt, 62.4595119953
0114, O2_B1S1, 0.67 volt, 62.5095798969
010F, INTAKE_TEMP, 21 degC, 62.5613868237
010E, TIMING_ADVANCE, 30.5 degree, 62.6095180511
0109, LONG_FUEL_TRIM_2, 3.125 percent, 62.6595938206
0107, LONG_FUEL_TRIM_1, 2.34375 percent, 62.7095220089
0110, MAF, 17.82 gps, 62.7614049911
0104, ENGINE_LOAD, 6.27450980392 percent, 62.8113958836
010B, INTAKE_PRESSURE, 43 kilopascal, 62.8594248295
0105, COOLANT_TEMP, 88 degC, 62.9114148617
0111, THROTTLE_POS, 14.1176470588 percent, 62.9423379898
0118, O2_B2S1, 0.87 volt, 62.9864869118
0119, O2_B2S2, 0.79 volt, 63.0364918709
010D, SPEED, 33 kph, 63.0845458508
011E, AUX_INPUT_STATUS, False, 63.1345388889
0106, SHORT_FUEL_TRIM_1, -3.125 percent, 63.1864390373
0108, SHORT_FUEL_TRIM_2, 1.5625 percent, 63.2343449593
010C, RPM, 1116.5 revolutions_per_minute, 63.2845740318
0115, O2_B1S2, 0.605 volt, 63.3344988823
0114, O2_B1S1, 0.065 volt, 63.3663299084
010F, INTAKE_TEMP, 21 degC, 63.4114458561
010E, TIMING_ADVANCE, 31.5 degree, 63.4595708847
0109, LONG_FUEL_TRIM_2, 3.125 percent, 63.4984428883
0107, LONG_FUEL_TRIM_1, 2.34375 percent, 63.5345869064
0110, MAF, 15.4 gps, 63.5895888805
0104, ENGINE_LOAD, 6.27450980392 percent, 63.6346619129
010B, INTAKE_PRESSURE, 42 kilopascal, 63.684625864
0105, COOLANT_TEMP, 88 degC, 63.7119028568
0111, THROTTLE_POS, 14.1176470588 percent, 63.7596709728
0118, O2_B2S1, 0.835 volt, 63.8114860058
0119, O2_B2S2, 0.78 volt, 63.8634819984
010D, SPEED, 32 kph, 63.909624815
011E, AUX_INPUT_STATUS, False, 63.9596300125
0106, SHORT_FUEL_TRIM_1, -2.34375 percent, 63.9884870052
0108, SHORT_FUEL_TRIM_2, -3.125 percent, 64.0346288681
010C, RPM, 1117.5 revolutions_per_minute, 64.0631129742
0115, O2_B1S2, 0.61 volt, 64.1095328331
0114, O2_B1S1, 0.61 volt, 64.1595489979
010F, INTAKE_TEMP, 22 degC, 64.20962286
010E, TIMING_ADVANCE, 29.0 degree, 64.2625179291
0109, LONG_FUEL_TRIM_2, 3.125 percent, 64.3125879765
0107, LONG_FUEL_TRIM_1, 2.34375 percent, 64.3625290394
0110, MAF, 19.27 gps, 64.4116039276
0104, ENGINE_LOAD, 7.45098039216 percent, 64.4597129822
010B, INTAKE_PRESSURE, 47 kilopascal, 64.5095889568
0105, COOLANT_TEMP, 88 degC, 64.561604023
0111, THROTTLE_POS, 16.0784313725 percent, 64.6096580029
0118, O2_B2S1, 0.525 volt, 64.6596758366
0119, O2_B2S2, 0.755 volt, 64.709663868
010D, SPEED, 31 kph, 64.7818880081
011E, AUX_INPUT_STATUS, False, 64.8346779346
0106, SHORT_FUEL_TRIM_1, 1.5625 percent, 64.8843829632
0108, SHORT_FUEL_TRIM_2, 0.78125 percent, 64.9385900497
010C, RPM, 1188.5 revolutions_per_minute, 64.9847018719
0115, O2_B1S2, 0.5 volt, 65.0347080231
0114, O2_B1S1, 0.13 volt, 65.0847098827
010F, INTAKE_TEMP, 21 degC, 65.1346328259
010E, TIMING_ADVANCE, 31.5 degree, 65.1846268177
0109, LONG_FUEL_TRIM_2, 3.125 percent, 65.2363488674
0107, LONG_FUEL_TRIM_1, 2.34375 percent, 65.2844798565
0110, MAF, 15.11 gps, 65.3344559669
0104, ENGINE_LOAD, 5.88235294118 percent, 65.3666820526
010B, INTAKE_PRESSURE, 42 kilopascal, 65.4094378948
0105, COOLANT_TEMP, 88 degC, 65.4615998268
0111, THROTTLE_POS, 13.7254901961 percent, 65.509636879
0118, O2_B2S1, 0.075 volt, 65.5598058701
0119, O2_B2S2, 0.635 volt, 65.610640049
010D, SPEED, 30 kph, 65.6626198292
011E, AUX_INPUT_STATUS, False, 65.7097418308
0106, SHORT_FUEL_TRIM_1, 1.5625 percent, 65.7397389412
0108, SHORT_FUEL_TRIM_2, 2.34375 percent, 65.7881889343
010C, RPM, 1086.25 revolutions_per_minute, 65.8345589638
0115, O2_B1S2, 0.47 volt, 65.86332798
0114, O2_B1S1, 0.825 volt, 65.9097650051
010F, INTAKE_TEMP, 22 degC, 65.9595990181
010E, TIMING_ADVANCE, 29.5 degree, 66.0094759464
0109, LONG_FUEL_TRIM_2, 3.125 percent, 66.036730051
0107, LONG_FUEL_TRIM_1, 2.34375 percent, 66.0845069885
0110, MAF, 17.25 gps, 66.1134200096
0104, ENGINE_LOAD, 7.05882352941 percent, 66.1615638733
010B, INTAKE_PRESSURE, 45 kilopascal, 66.209692955
0105, COOLANT_TEMP, 88 degC, 66.259665966
0111, THROTTLE_POS, 14.9019607843 percent, 66.3096249104
0118, O2_B2S1, 0.735 volt, 66.3597359657
0119, O2_B2S2, 0.23 volt, 66.409621954
010D, SPEED, 29 kph, 66.4598069191
011E, AUX_INPUT_STATUS, False, 66.5096628666
0106, SHORT_FUEL_TRIM_1, -3.90625 percent, 66.5598218441
0108, SHORT_FUEL_TRIM_2, 0.0 percent, 66.6097328663
010C, RPM, 1128.75 revolutions_per_minute, 66.6598379612
0115, O2_B1S2, 0.605 volt, 66.7096729279
0114, O2_B1S1, 0.245 volt, 66.761687994
010F, INTAKE_TEMP, 22 degC, 66.8114829063
010E, TIMING_ADVANCE, 31.0 degree, 66.8617069721
0109, LONG_FUEL_TRIM_2, 3.125 percent, 66.9097499847
0107, LONG_FUEL_TRIM_1, 2.34375 percent, 66.9598369598
0110, MAF, 14.98 gps, 67.0095229149
0104, ENGINE_LOAD, 5.88235294118 percent, 67.0617368221
010B, INTAKE_PRESSURE, 43 kilopascal, 67.1098968983
0105, COOLANT_TEMP, 88 degC, 67.1616268158
0111, THROTTLE_POS, 13.3333333333 percent, 67.2117140293
0118, O2_B2S1, 0.645 volt, 67.2617440224
0119, O2_B2S2, 0.125 volt, 67.309844017
010D, SPEED, 29 kph, 67.388655901
011E, AUX_INPUT_STATUS, False, 67.434871912
0106, SHORT_FUEL_TRIM_1, -2.34375 percent, 67.4856638908
0108, SHORT_FUEL_TRIM_2, 2.34375 percent, 67.534886837
010C, RPM, 1045.75 revolutions_per_minute, 67.584882021
0115, O2_B1S2, 0.525 volt, 67.6348059177
0114, O2_B1S1, 0.73 volt, 67.6667740345
010F, INTAKE_TEMP, 22 degC, 67.7099509239
010E, TIMING_ADVANCE, 32.5 degree, 67.7399089336
0109, LONG_FUEL_TRIM_2, 3.125 percent, 67.7888510227
0107, LONG_FUEL_TRIM_1, 2.34375 percent, 67.8349230289
0110, MAF, 11.89 gps, 67.8848049641
0104, ENGINE_LOAD, 4.70588235294 percent, 67.9367940426
010B, INTAKE_PRESSURE, 38 kilopascal, 67.9869048595
0105, COOLANT_TEMP, 88 degC, 68.0346779823
0111, THROTTLE_POS, 11.3725490196 percent, 68.061923027
0118, O2_B2S1, 0.835 volt, 68.1096789837
0119, O2_B2S2, 0.065 volt, 68.1386368275
010D, SPEED, 28 kph, 68.1868128777
011E, AUX_INPUT_STATUS, False, 68.2366418839
0106, SHORT_FUEL_TRIM_1, -2.34375 percent, 68.2848930359
0108, SHORT_FUEL_TRIM_2, -2.34375 percent, 68.3368358612
010C, RPM, 958.75 revolutions_per_minute, 68.384953022
0115, O2_B1S2, 0.245 volt, 68.4349508286
0114, O2_B1S1, 0.855 volt, 68.4877798557
010F, INTAKE_TEMP, 22 degC, 68.5358309746
010E, TIMING_ADVANCE, 30.5 degree, 68.5879230499
0109, LONG_FUEL_TRIM_2, 3.125 percent, 68.6238458157
0107, LONG_FUEL_TRIM_1, 2.34375 percent, 68.6619520187
0110, MAF, 10.82 gps, 68.7128789425
0104, ENGINE_LOAD, 3.92156862745 percent, 68.7608029842
010B, INTAKE_PRESSURE, 37 kilopascal, 68.8108680248
0105, COOLANT_TEMP, 88 degC, 68.8608729839
0111, THROTTLE_POS, 9.01960784314 percent, 68.912883997
0118, O2_B2S1, 0.84 volt, 68.9616668224
0119, O2_B2S2, 0.095 volt, 69.011605978
010D, SPEED, 27 kph, 69.0608139038
011E, AUX_INPUT_STATUS, False, 69.1118869781
0106, SHORT_FUEL_TRIM_1, -3.125 percent, 69.1605989933
0108, SHORT_FUEL_TRIM_2, -2.34375 percent, 69.2108359337
010C, RPM, 835.0 revolutions_per_minute, 69.2618758678
0115, O2_B1S2, 0.575 volt, 69.3128838539
0114, O2_B1S1, 0.35 volt, 69.3608748913
010F, INTAKE_TEMP, 22 degC, 69.4119110107
010E, TIMING_ADVANCE, 17.5 degree, 69.4619629383
0109, LONG_FUEL_TRIM_2, 0.0 percent, 69.5109210014
0107, LONG_FUEL_TRIM_1, 0.78125 percent, 69.5609278679
0110, MAF, 6.89 gps, 69.6119909286
0104, ENGINE_LOAD, 2.35294117647 percent, 69.6628308296
010B, INTAKE_PRESSURE, 32 kilopascal, 69.7109248638
0105, COOLANT_TEMP, 88 degC, 69.7609298229
0111, THROTTLE_POS, 7.05882352941 percent, 69.8109350204
0118, O2_B2S1, 0.875 volt, 69.9024858475
0119, O2_B2S2, 0.125 volt, 69.9409649372
010D, SPEED, 25 kph, 69.9859428406
011E, AUX_INPUT_STATUS, False, 70.0126838684
0106, SHORT_FUEL_TRIM_1, -2.34375 percent, 70.0610220432
0108, SHORT_FUEL_TRIM_2, -3.125 percent, 70.1140608788
010C, RPM, 712.0 revolutions_per_minute, 70.1607189178
0115, O2_B1S2, 0.58 volt, 70.2109348774
0114, O2_B1S1, 0.84 volt, 70.2382848263
010F, INTAKE_TEMP, 22 degC, 70.2880318165
010E, TIMING_ADVANCE, 17.5 degree, 70.3360528946
0109, LONG_FUEL_TRIM_2, 0.78125 percent, 70.3860230446
0107, LONG_FUEL_TRIM_1, 0.78125 percent, 70.4359579086
0110, MAF, 6.71 gps, 70.4860799313
0104, ENGINE_LOAD, 2.35294117647 percent, 70.5360708237
010B, INTAKE_PRESSURE, 32 kilopascal, 70.5859899521
0105, COOLANT_TEMP, 88 degC, 70.6360018253
0111, THROTTLE_POS, 7.05882352941 percent, 70.6860339642
0118, O2_B2S1, 0.755 volt, 70.7359750271
0119, O2_B2S2, 0.345 volt, 70.7860579491
010D, SPEED, 24 kph, 70.836083889
011E, AUX_INPUT_STATUS, False, 70.8860599995
0106, SHORT_FUEL_TRIM_1, -3.90625 percent, 70.9360220432
0108, SHORT_FUEL_TRIM_2, -3.90625 percent, 70.987046957
010C, RPM, 679.5 revolutions_per_minute, 71.0381219387
0115, O2_B1S2, 0.605 volt, 71.0861558914
0114, O2_B1S1, 0.725 volt, 71.1360440254
010F, INTAKE_TEMP, 22 degC, 71.1868000031
010E, TIMING_ADVANCE, 17.5 degree, 71.235863924
0109, LONG_FUEL_TRIM_2, 0.78125 percent, 71.2861909866
0107, LONG_FUEL_TRIM_1, 0.78125 percent, 71.3360898495
0110, MAF, 7.34 gps, 71.3861129284
0104, ENGINE_LOAD, 2.74509803922 percent, 71.4360659122
010B, INTAKE_PRESSURE, 35 kilopascal, 71.486153841
0105, COOLANT_TEMP, 88 degC, 71.5360820293
0111, THROTTLE_POS, 8.23529411765 percent, 71.5870888233
0118, O2_B2S1, 0.225 volt, 71.6360528469
0119, O2_B2S2, 0.555 volt, 71.6881580353
010D, SPEED, 22 kph, 71.7370989323
011E, AUX_INPUT_STATUS, False, 71.7861340046
0106, SHORT_FUEL_TRIM_1, 0.0 percent, 71.8361008167
0108, SHORT_FUEL_TRIM_2, -3.125 percent, 71.8910429478
010C, RPM, 798.0 revolutions_per_minute, 71.9371118546
0115, O2_B1S2, 0.61 volt, 71.9861650467
0114, O2_B1S1, 0.855 volt, 72.0361788273
010F, INTAKE_TEMP, 22 degC, 72.0871088505
010E, TIMING_ADVANCE, 20.0 degree, 72.1361379623
0109, LONG_FUEL_TRIM_2, 0.78125 percent, 72.1880848408
0107, LONG_FUEL_TRIM_1, 0.78125 percent, 72.236014843
0110, MAF, 6.71 gps, 72.2881758213
0104, ENGINE_LOAD, 2.35294117647 percent, 72.336204052
010B, INTAKE_PRESSURE, 29 kilopascal, 72.3861718178
0105, COOLANT_TEMP, 88 degC, 72.4580938816
0111, THROTTLE_POS, 7.05882352941 percent, 72.4874129295
0118, O2_B2S1, 0.675 volt, 72.5359859467
0119, O2_B2S2, 0.74 volt, 72.5881369114
010D, SPEED, 21 kph, 72.6360659599
011E, AUX_INPUT_STATUS, False, 72.6911649704
0106, SHORT_FUEL_TRIM_1, 0.0 percent, 72.7360048294
0108, SHORT_FUEL_TRIM_2, 0.0 percent, 72.7861719131
010C, RPM, 913.0 revolutions_per_minute, 72.8360698223
0115, O2_B1S2, 0.645 volt, 72.8861739635
0114, O2_B1S1, 0.065 volt, 72.9361798763
010F, INTAKE_TEMP, 22 degC, 72.9861798286
010E, TIMING_ADVANCE, 19.5 degree, 73.0361938477
0109, LONG_FUEL_TRIM_2, -0.78125 percent, 73.0861389637
0107, LONG_FUEL_TRIM_1, -1.5625 percent, 73.1359798908
0110, MAF, 6.75 gps, 73.1862409115
0104, ENGINE_LOAD, 2.74509803922 percent, 73.2608039379
010B, INTAKE_PRESSURE, 29 kilopascal, 73.3141050339
0105, COOLANT_TEMP, 88 degC, 73.3610959053
0111, THROTTLE_POS, 10.1960784314 percent, 73.411221981
0118, O2_B2S1, 0.835 volt, 73.461275816
0119, O2_B2S2, 0.7 volt, 73.5112290382
010D, SPEED, 18 kph, 73.5612299442
011E, AUX_INPUT_STATUS, False, 73.6112878323
0106, SHORT_FUEL_TRIM_1, -3.90625 percent, 73.6612458229
0108, SHORT_FUEL_TRIM_2, -3.90625 percent, 73.7112288475
010C, RPM, 937.0 revolutions_per_minute, 73.7862408161
0115, O2_B1S2, 0.625 volt, 73.8360240459
0114, O2_B1S1, 0.055 volt, 73.8863389492
010F, INTAKE_TEMP, 22 degC, 73.9363429546
010E, TIMING_ADVANCE, 29.0 degree, 73.9862370491
0109, LONG_FUEL_TRIM_2, 3.125 percent, 74.0381770134
0107, LONG_FUEL_TRIM_1, 2.34375 percent, 74.0892620087
0110, MAF, 16.96 gps, 74.1362218857
0104, ENGINE_LOAD, 6.66666666667 percent, 74.1880300045
010B, INTAKE_PRESSURE, 45 kilopascal, 74.2382438183
0105, COOLANT_TEMP, 88 degC, 74.286123991
0111, THROTTLE_POS, 15.2941176471 percent, 74.3137040138
0118, O2_B2S1, 0.735 volt, 74.3613228798
0119, O2_B2S2, 0.03 volt, 74.4113190174
010D, SPEED, 19 kph, 74.4613678455
011E, AUX_INPUT_STATUS, False, 74.5112938881
0106, SHORT_FUEL_TRIM_1, -3.125 percent, 74.5613050461
0108, SHORT_FUEL_TRIM_2, -3.125 percent, 74.616286993
010C, RPM, 1142.75 revolutions_per_minute, 74.6613228321
0115, O2_B1S2, 0.6 volt, 74.7112050056
0114, O2_B1S1, 0.105 volt, 74.7613339424
010F, INTAKE_TEMP, 22 degC, 74.8113398552
010E, TIMING_ADVANCE, 32.0 degree, 74.8613350391
0109, LONG_FUEL_TRIM_2, 3.125 percent, 74.9123380184
0107, LONG_FUEL_TRIM_1, 2.34375 percent, 74.9623520374
0110, MAF, 11.85 gps, 75.0240609646
0104, ENGINE_LOAD, 4.70588235294 percent, 75.0623519421
010B, INTAKE_PRESSURE, 38 kilopascal, 75.1113839149
0105, COOLANT_TEMP, 88 degC, 75.1633460522
0111, THROTTLE_POS, 10.5882352941 percent, 75.211357832
0118, O2_B2S1, 0.09 volt, 75.2611508369
0119, O2_B2S2, 0.02 volt, 75.3121738434
010D, SPEED, 19 kph, 75.3613688946
011E, AUX_INPUT_STATUS, False, 75.4112699032
0106, SHORT_FUEL_TRIM_1, 4.6875 percent, 75.4613928795
0108, SHORT_FUEL_TRIM_2, 4.6875 percent, 75.5123929977
010C, RPM, 957.0 revolutions_per_minute, 75.5624308586
0115, O2_B1S2, 0.0 volt, 75.6144249439
0114, O2_B1S1, 0.815 volt, 75.6428658962
010F, INTAKE_TEMP, 23 degC, 75.6864068508
010E, TIMING_ADVANCE, 30.5 degree, 75.7364759445
0109, LONG_FUEL_TRIM_2, 3.125 percent, 75.7864079475
0107, LONG_FUEL_TRIM_1, 2.34375 percent, 75.8364050388
0110, MAF, 13.78 gps, 75.8874149323
0104, ENGINE_LOAD, 4.3137254902 percent, 75.9363770485
010B, INTAKE_PRESSURE, 38 kilopascal, 75.9864208698
0105, COOLANT_TEMP, 88 degC, 76.0374159813
0111, THROTTLE_POS, 11.3725490196 percent, 76.0663299561
0118, O2_B2S1, 0.42 volt, 76.1134150028
0119, O2_B2S2, 0.065 volt, 76.16127491
010D, SPEED, 19 kph, 76.1884329319
011E, AUX_INPUT_STATUS, False, 76.2364120483
0106, SHORT_FUEL_TRIM_1, 3.90625 percent, 76.2643568516
0108, SHORT_FUEL_TRIM_2, 2.34375 percent, 76.3112518787
010C, RPM, 990.0 revolutions_per_minute, 76.3391530514
0115, O2_B1S2, 0.0 volt, 76.3864469528
0114, O2_B1S1, 0.165 volt, 76.4364459515
010F, INTAKE_TEMP, 23 degC, 76.4894518852
010E, TIMING_ADVANCE, 33.0 degree, 76.5373790264
0109, LONG_FUEL_TRIM_2, 3.125 percent, 76.5891020298
0107, LONG_FUEL_TRIM_1, 2.34375 percent, 76.636469841
0110, MAF, 11.03 gps, 76.6914589405
0104, ENGINE_LOAD, 4.3137254902 percent, 76.7364749908
010B, INTAKE_PRESSURE, 37 kilopascal, 76.7864890099
0105, COOLANT_TEMP, 88 degC, 76.8364849091
0111, THROTTLE_POS, 13.7254901961 percent, 76.8864970207
0118, O2_B2S1, 0.85 volt, 76.9365048409
0119, O2_B2S2, 0.045 volt, 76.9865729809
010D, SPEED, 19 kph, 77.0362708569
011E, AUX_INPUT_STATUS, False, 77.0864999294
0106, SHORT_FUEL_TRIM_1, 3.90625 percent, 77.1363518238
0108, SHORT_FUEL_TRIM_2, 2.34375 percent, 77.1865229607
010C, RPM, 1067.75 revolutions_per_minute, 77.2383270264
0115, O2_B1S2, 0.0 volt, 77.2865190506
0114, O2_B1S1, 0.695 volt, 77.3365318775
010F, INTAKE_TEMP, 23 degC, 77.386412859
010E, TIMING_ADVANCE, 31.0 degree, 77.4375169277
0109, LONG_FUEL_TRIM_2, 3.125 percent, 77.4860210419
0107, LONG_FUEL_TRIM_1, 2.34375 percent, 77.536356926
0110, MAF, 16.88 gps, 77.5835559368
0104, ENGINE_LOAD, 7.05882352941 percent, 77.6165399551
010B, INTAKE_PRESSURE, 45 kilopascal, 77.6875538826
0105, COOLANT_TEMP, 88 degC, 77.7366268635
0111, THROTTLE_POS, 15.2941176471 percent, 77.7867498398
0118, O2_B2S1, 0.735 volt, 77.8364188671
0119, O2_B2S2, 0.09 volt, 77.8863968849
010D, SPEED, 20 kph, 77.936622858
011E, AUX_INPUT_STATUS, False, 77.9876499176
0106, SHORT_FUEL_TRIM_1, -0.78125 percent, 78.0372838974
0108, SHORT_FUEL_TRIM_2, 3.125 percent, 78.0645549297
010C, RPM, 1178.5 revolutions_per_minute, 78.1146478653
0115, O2_B1S2, 0.57 volt, 78.1641168594
0114, O2_B1S1, 0.46 volt, 78.2126660347
010F, INTAKE_TEMP, 23 degC, 78.2664840221
010E, TIMING_ADVANCE, 30.5 degree, 78.3126599789
0109, LONG_FUEL_TRIM_2, 3.125 percent, 78.3636469841
0107, LONG_FUEL_TRIM_1, 2.34375 percent, 78.4116048813
0110, MAF, 18.97 gps, 78.464512825
0104, ENGINE_LOAD, 7.45098039216 percent, 78.5116000175
010B, INTAKE_PRESSURE, 47 kilopascal, 78.5736889839
0105, COOLANT_TEMP, 88 degC, 78.611634016
0111, THROTTLE_POS, 16.0784313725 percent, 78.6616258621
0118, O2_B2S1, 0.28 volt, 78.7135078907
0119, O2_B2S2, 0.105 volt, 78.76262784
010D, SPEED, 21 kph, 78.8116588593
011E, AUX_INPUT_STATUS, False, 78.8626348972
0106, SHORT_FUEL_TRIM_1, 3.90625 percent, 78.9116330147
0108, SHORT_FUEL_TRIM_2, 4.6875 percent, 78.9646420479
010C, RPM, 1241.75 revolutions_per_minute, 79.0114588737
0115, O2_B1S2, 0.555 volt, 79.0616619587
0114, O2_B1S1, 0.1 volt, 79.1117238998
010F, INTAKE_TEMP, 22 degC, 79.1625089645
010E, TIMING_ADVANCE, 31.0 degree, 79.2126688957
0109, LONG_FUEL_TRIM_2, 3.125 percent, 79.2614619732
0107, LONG_FUEL_TRIM_1, 2.34375 percent, 79.311604023
0110, MAF, 19.59 gps, 79.3617520332
0104, ENGINE_LOAD, 7.8431372549 percent, 79.41157794
010B, INTAKE_PRESSURE, 47 kilopascal, 79.461607933
0105, COOLANT_TEMP, 88 degC, 79.5116188526
0111, THROTTLE_POS, 16.4705882353 percent, 79.5616328716
0118, O2_B2S1, 0.13 volt, 79.6116600037
0119, O2_B2S2, 0.045 volt, 79.6616439819
010D, SPEED, 23 kph, 79.7116580009
011E, AUX_INPUT_STATUS, False, 79.7617080212
0106, SHORT_FUEL_TRIM_1, 5.46875 percent, 79.8127119541
0108, SHORT_FUEL_TRIM_2, 0.0 percent, 79.841892004
010C, RPM, 1257.75 revolutions_per_minute, 79.8867809772
0115, O2_B1S2, 0.385 volt, 79.9367239475
0114, O2_B1S1, 0.82 volt, 79.9894628525
010F, INTAKE_TEMP, 22 degC, 80.0375008583
010E, TIMING_ADVANCE, 32.0 degree, 80.0865418911
0109, LONG_FUEL_TRIM_2, 3.125 percent, 80.1432638168
0107, LONG_FUEL_TRIM_1, 2.34375 percent, 80.1867358685
0110, MAF, 15.53 gps, 80.2375400066
0104, ENGINE_LOAD, 5.88235294118 percent, 80.2893829346
010B, INTAKE_PRESSURE, 41 kilopascal, 80.3378558159
0105, COOLANT_TEMP, 89 degC, 80.3868198395
0111, THROTTLE_POS, 13.7254901961 percent, 80.4368178844
0118, O2_B2S1, 0.615 volt, 80.4866318703
0119, O2_B2S2, 0.045 volt, 80.5397319794
010D, SPEED, 24 kph, 80.5868399143
011E, AUX_INPUT_STATUS, False, 80.6367640495
0106, SHORT_FUEL_TRIM_1, 0.0 percent, 80.686770916
0108, SHORT_FUEL_TRIM_2, 0.78125 percent, 80.736577034
010C, RPM, 1149.75 revolutions_per_minute, 80.7880840302
0115, O2_B1S2, 0.365 volt, 80.8367068768
0114, O2_B1S1, 0.535 volt, 80.8868079185
010F, INTAKE_TEMP, 22 degC, 80.9367079735
010E, TIMING_ADVANCE, 35.5 degree, 80.9877979755
0109, LONG_FUEL_TRIM_2, 3.125 percent, 81.0367670059
0107, LONG_FUEL_TRIM_1, 2.34375 percent, 81.0888199806
0110, MAF, 11.82 gps, 81.1367900372
0104, ENGINE_LOAD, 4.3137254902 percent, 81.1868729591
010B, INTAKE_PRESSURE, 34 kilopascal, 81.236593008
0105, COOLANT_TEMP, 88 degC, 81.2878339291
0111, THROTTLE_POS, 10.1960784314 percent, 81.336894989
0118, O2_B2S1, 0.84 volt, 81.3898990154
0119, O2_B2S2, 0.08 volt, 81.4238200188
010D, SPEED, 24 kph, 81.4618768692
011E, AUX_INPUT_STATUS, False, 81.5118429661
0106, SHORT_FUEL_TRIM_1, 0.0 percent, 81.5628390312
0108, SHORT_FUEL_TRIM_2, 1.5625 percent, 81.6139059067
010C, RPM, 1095.0 revolutions_per_minute, 81.6638560295
0115, O2_B1S2, 0.465 volt, 81.7118198872
0114, O2_B1S1, 0.845 volt, 81.7643959522
010F, INTAKE_TEMP, 22 degC, 81.8115298748
010E, TIMING_ADVANCE, 36.0 degree, 81.8617708683
0109, LONG_FUEL_TRIM_2, 3.125 percent, 81.891865015
0107, LONG_FUEL_TRIM_1, 2.34375 percent, 81.9387819767
0110, MAF, 12.07 gps, 81.9868040085
0104, ENGINE_LOAD, 4.70588235294 percent, 82.037612915
010B, INTAKE_PRESSURE, 33 kilopascal, 82.0888359547
0105, COOLANT_TEMP, 88 degC, 82.1376469135
0111, THROTTLE_POS, 10.9803921569 percent, 82.1676449776
0118, O2_B2S1, 0.89 volt, 82.2138438225
0119, O2_B2S2, 0.54 volt, 82.2639188766
010D, SPEED, 24 kph, 82.3118619919
011E, AUX_INPUT_STATUS, False, 82.3387448788
0106, SHORT_FUEL_TRIM_1, -0.78125 percent, 82.3869278431
0108, SHORT_FUEL_TRIM_2, -0.78125 percent, 82.4369819164
010C, RPM, 1093.25 revolutions_per_minute, 82.4667859077
0115, O2_B1S2, 0.67 volt, 82.5129318237
0114, O2_B1S1, 0.82 volt, 82.5619728565
010F, INTAKE_TEMP, 22 degC, 82.6119339466
010E, TIMING_ADVANCE, 37.0 degree, 82.6619758606
0109, LONG_FUEL_TRIM_2, 0.78125 percent, 82.7066669464
0107, LONG_FUEL_TRIM_1, 0.0 percent, 82.7620508671
0110, MAF, 7.1 gps, 82.812019825
0104, ENGINE_LOAD, 2.74509803922 percent, 82.8619530201
010B, INTAKE_PRESSURE, 27 kilopascal, 82.9120259285
0105, COOLANT_TEMP, 88 degC, 82.9649460316
0111, THROTTLE_POS, 7.45098039216 percent, 83.011674881
0118, O2_B2S1, 0.815 volt, 83.0620269775
0119, O2_B2S2, 0.835 volt, 83.1120450497
010D, SPEED, 23 kph, 83.1618478298
011E, AUX_INPUT_STATUS, False, 83.2120568752
0106, SHORT_FUEL_TRIM_1, -1.5625 percent, 83.2618508339
0108, SHORT_FUEL_TRIM_2, -2.34375 percent, 83.3129930496
010C, RPM, 935.25 revolutions_per_minute, 83.361964941
0115, O2_B1S2, 0.67 volt, 83.4120018482
0114, O2_B1S1, 0.805 volt, 83.4620478153
010F, INTAKE_TEMP, 22 degC, 83.511920929
010E, TIMING_ADVANCE, 19.5 degree, 83.562114954
0109, LONG_FUEL_TRIM_2, -2.34375 percent, 83.6120839119
0107, LONG_FUEL_TRIM_1, -0.78125 percent, 83.6620528698
0110, MAF, 6.87 gps, 83.7120299339
0104, ENGINE_LOAD, 2.74509803922 percent, 83.7629609108
010B, INTAKE_PRESSURE, 27 kilopascal, 83.8120839596
0105, COOLANT_TEMP, 88 degC, 83.8621308804
0111, THROTTLE_POS, 7.05882352941 percent, 83.8920328617
0118, O2_B2S1, 0.21 volt, 83.937032938
0119, O2_B2S2, 0.845 volt, 83.9880478382
010D, SPEED, 21 kph, 84.0369439125
011E, AUX_INPUT_STATUS, False, 84.0881228447
0106, SHORT_FUEL_TRIM_1, -2.34375 percent, 84.136952877
0108, SHORT_FUEL_TRIM_2, -2.34375 percent, 84.1683058739
010C, RPM, 743.75 revolutions_per_minute, 84.2130630016
0115, O2_B1S2, 0.665 volt, 84.2620389462
0114, O2_B1S1, 0.825 volt, 84.2921659946
010F, INTAKE_TEMP, 23 degC, 84.3381068707
010E, TIMING_ADVANCE, 17.5 degree, 84.3871459961
0109, LONG_FUEL_TRIM_2, -0.78125 percent, 84.4147279263
0107, LONG_FUEL_TRIM_1, -1.5625 percent, 84.4620358944
0110, MAF, 6.69 gps, 84.5134840012
0104, ENGINE_LOAD, 2.35294117647 percent, 84.5620949268
010B, INTAKE_PRESSURE, 31 kilopascal, 84.6370048523
0105, COOLANT_TEMP, 89 degC, 84.687101841
0111, THROTTLE_POS, 7.05882352941 percent, 84.7371058464
0118, O2_B2S1, 0.335 volt, 84.7900719643
0119, O2_B2S2, 0.835 volt, 84.8371138573
010D, SPEED, 21 kph, 84.8881759644
011E, AUX_INPUT_STATUS, False, 84.9371879101
0106, SHORT_FUEL_TRIM_1, 1.5625 percent, 84.9881148338
0108, SHORT_FUEL_TRIM_2, 1.5625 percent, 85.0369119644
010C, RPM, 747.5 revolutions_per_minute, 85.0920519829
0115, O2_B1S2, 0.66 volt, 85.1439328194
0114, O2_B1S1, 0.065 volt, 85.1891150475
010F, INTAKE_TEMP, 23 degC, 85.2599949837
010E, TIMING_ADVANCE, 17.5 degree, 85.3121449947
0109, LONG_FUEL_TRIM_2, -0.78125 percent, 85.3621029854
0107, LONG_FUEL_TRIM_1, -1.5625 percent, 85.4120898247
0110, MAF, 7.36 gps, 85.4621260166
0104, ENGINE_LOAD, 2.74509803922 percent, 85.5141348839
010B, INTAKE_PRESSURE, 32 kilopascal, 85.5620079041
0105, COOLANT_TEMP, 88 degC, 85.6120920181
0111, THROTTLE_POS, 9.41176470588 percent, 85.662127018
0118, O2_B2S1, 0.7 volt, 85.712184906
0119, O2_B2S2, 0.825 volt, 85.7621939182
010D, SPEED, 21 kph, 85.8131818771
011E, AUX_INPUT_STATUS, False, 85.8622529507
0106, SHORT_FUEL_TRIM_1, 3.90625 percent, 85.912678957
0108, SHORT_FUEL_TRIM_2, 2.34375 percent, 85.9619679451
010C, RPM, 1020.75 revolutions_per_minute, 86.0123078823
0115, O2_B1S2, 0.635 volt, 86.062278986
0114, O2_B1S1, 0.775 volt, 86.0921208858
010F, INTAKE_TEMP, 23 degC, 86.1389498711
010E, TIMING_ADVANCE, 34.0 degree, 86.1882209778
0109, LONG_FUEL_TRIM_2, -2.34375 percent, 86.2380049229
0107, LONG_FUEL_TRIM_1, -0.78125 percent, 86.289222002
0110, MAF, 11.01 gps, 86.3371729851
0104, ENGINE_LOAD, 4.3137254902 percent, 86.3891580105
010B, INTAKE_PRESSURE, 34 kilopascal, 86.437155962
0105, COOLANT_TEMP, 89 degC, 86.4892988205
0111, THROTTLE_POS, 10.9803921569 percent, 86.5436940193
0118, O2_B2S1, 0.035 volt, 86.5882530212
0119, O2_B2S2, 0.265 volt, 86.6373288631
010D, SPEED, 21 kph, 86.6892528534
011E, AUX_INPUT_STATUS, False, 86.7373108864
0106, SHORT_FUEL_TRIM_1, 6.25 percent, 86.7641308308
0108, SHORT_FUEL_TRIM_2, 5.46875 percent, 86.812171936
010C, RPM, 1022.25 revolutions_per_minute, 86.8620109558
0115, O2_B1S2, 0.115 volt, 86.9132349491
0114, O2_B1S1, 0.83 volt, 86.9622678757
010F, INTAKE_TEMP, 23 degC, 87.0371730328
010E, TIMING_ADVANCE, 31.5 degree, 87.0873110294
0109, LONG_FUEL_TRIM_2, 3.125 percent, 87.1372129917
0107, LONG_FUEL_TRIM_1, 2.34375 percent, 87.18729496
0110, MAF, 13.32 gps, 87.2373559475
0104, ENGINE_LOAD, 5.09803921569 percent, 87.2883069515
010B, INTAKE_PRESSURE, 38 kilopascal, 87.3403038979
0105, COOLANT_TEMP, 88 degC, 87.3873019218
0111, THROTTLE_POS, 10.1960784314 percent, 87.4392960072
0118, O2_B2S1, 0.87 volt, 87.4873199463
0119, O2_B2S2, 0.08 volt, 87.5391838551
010D, SPEED, 22 kph, 87.5873889923
011E, AUX_INPUT_STATUS, False, 87.6373229027
0106, SHORT_FUEL_TRIM_1, 0.0 percent, 87.68729496
0108, SHORT_FUEL_TRIM_2, 0.0 percent, 87.7393229008
010C, RPM, 1001.5 revolutions_per_minute, 87.7893359661
0115, O2_B1S2, 0.63 volt, 87.8624260426
0114, O2_B1S1, 0.845 volt, 87.9123408794
010F, INTAKE_TEMP, 23 degC, 87.9623439312
010E, TIMING_ADVANCE, 22.0 degree, 88.012349844
0109, LONG_FUEL_TRIM_2, -2.34375 percent, 88.0624229908
0107, LONG_FUEL_TRIM_1, -0.78125 percent, 88.1123468876
0110, MAF, 7.02 gps, 88.163367033
0104, ENGINE_LOAD, 2.74509803922 percent, 88.1922988892
010B, INTAKE_PRESSURE, 27 kilopascal, 88.2371029854
0105, COOLANT_TEMP, 89 degC, 88.2892799377
0111, THROTTLE_POS, 7.45098039216 percent, 88.339370966
0118, O2_B2S1, 0.875 volt, 88.3872950077
0119, O2_B2S2, 0.665 volt, 88.4373698235
010D, SPEED, 22 kph, 88.4893739223
011E, AUX_INPUT_STATUS, False, 88.5374109745
0106, SHORT_FUEL_TRIM_1, -1.5625 percent, 88.5644409657
0108, SHORT_FUEL_TRIM_2, -0.78125 percent, 88.6124010086
010C, RPM, 897.5 revolutions_per_minute, 88.6673369408
0115, O2_B1S2, 0.67 volt, 88.7124128342
0114, O2_B1S1, 0.87 volt, 88.7650518417
010F, INTAKE_TEMP, 23 degC, 88.8121788502
010E, TIMING_ADVANCE, 19.5 degree, 88.8633508682
0109, LONG_FUEL_TRIM_2, -2.34375 percent, 88.9143400192
0107, LONG_FUEL_TRIM_1, -0.78125 percent, 88.9623579979
0110, MAF, 7.75 gps, 89.0141880512
0104, ENGINE_LOAD, 3.13725490196 percent, 89.0623679161
010B, INTAKE_PRESSURE, 29 kilopascal, 89.1124358177
0105, COOLANT_TEMP, 89 degC, 89.1624419689
0111, THROTTLE_POS, 9.01960784314 percent, 89.2124249935
0118, O2_B2S1, 0.805 volt, 89.2622959614
0119, O2_B2S2, 0.775 volt, 89.3133080006
010D, SPEED, 21 kph, 89.3624489307
011E, AUX_INPUT_STATUS, False, 89.4124479294
0106, SHORT_FUEL_TRIM_1, -3.90625 percent, 89.462389946
0108, SHORT_FUEL_TRIM_2, -3.90625 percent, 89.5124619007
010C, RPM, 977.5 revolutions_per_minute, 89.562541008
0115, O2_B1S2, 0.705 volt, 89.6124808788
0114, O2_B1S1, 0.72 volt, 89.6624879837
010F, INTAKE_TEMP, 23 degC, 89.7124810219
010E, TIMING_ADVANCE, 35.0 degree, 89.7624850273
0109, LONG_FUEL_TRIM_2, -2.34375 percent, 89.8124818802
0107, LONG_FUEL_TRIM_1, -0.78125 percent, 89.8624939919
0110, MAF, 8.69 gps, 89.9144999981
0104, ENGINE_LOAD, 3.13725490196 percent, 89.9625148773
010B, INTAKE_PRESSURE, 29 kilopascal, 90.0125119686
0105, COOLANT_TEMP, 89 degC, 90.0625858307
0111, THROTTLE_POS, 9.41176470588 percent, 90.1125128269
0118, O2_B2S1, 0.045 volt, 90.1625888348
0119, O2_B2S2, 0.78 volt, 90.2121520042
010D, SPEED, 22 kph, 90.2623999119
011E, AUX_INPUT_STATUS, False, 90.3124928474
0106, SHORT_FUEL_TRIM_1, 0.78125 percent, 90.3804659843
0108, SHORT_FUEL_TRIM_2, 2.34375 percent, 90.4174098969
010C, RPM, 943.5 revolutions_per_minute, 90.4624698162
0115, O2_B1S2, 0.61 volt, 90.5124368668
0114, O2_B1S1, 0.065 volt, 90.5424199104
010F, INTAKE_TEMP, 23 degC, 90.5874118805
010E, TIMING_ADVANCE, 20.5 degree, 90.6403639317
0109, LONG_FUEL_TRIM_2, -2.34375 percent, 90.6924438477
0107, LONG_FUEL_TRIM_1, -0.78125 percent, 90.742607832
0110, MAF, 6.71 gps, 90.7884368896
0104, ENGINE_LOAD, 2.35294117647 percent, 90.8384339809
010B, INTAKE_PRESSURE, 27 kilopascal, 90.8894269466
0105, COOLANT_TEMP, 89 degC, 90.9374270439
0111, THROTTLE_POS, 9.01960784314 percent, 90.9874298573
0118, O2_B2S1, 0.54 volt, 91.0387949944
0119, O2_B2S2, 0.065 volt, 91.0875859261
010D, SPEED, 21 kph, 91.1371729374
011E, AUX_INPUT_STATUS, False, 91.1873879433
0106, SHORT_FUEL_TRIM_1, -2.34375 percent, 91.2375290394
0108, SHORT_FUEL_TRIM_2, 0.0 percent, 91.2895419598
010C, RPM, 812.5 revolutions_per_minute, 91.3374328613
0115, O2_B1S2, 0.61 volt, 91.387554884
0114, O2_B1S1, 0.68 volt, 91.4375770092
010F, INTAKE_TEMP, 23 degC, 91.4875559807
010E, TIMING_ADVANCE, 14.0 degree, 91.5374829769
0109, LONG_FUEL_TRIM_2, -2.34375 percent, 91.5876970291
0107, LONG_FUEL_TRIM_1, -0.78125 percent, 91.6373679638
0110, MAF, 8.46 gps, 91.6875669956
0104, ENGINE_LOAD, 3.13725490196 percent, 91.7375729084
010B, INTAKE_PRESSURE, 33 kilopascal, 91.7885708809
0105, COOLANT_TEMP, 89 degC, 91.8386628628
0111, THROTTLE_POS, 8.62745098039 percent, 91.8876709938
0118, O2_B2S1, 0.055 volt, 91.9375879765
0119, O2_B2S2, 0.08 volt, 91.9875888824
010D, SPEED, 20 kph, 92.0374178886
011E, AUX_INPUT_STATUS, False, 92.0886080265
0106, SHORT_FUEL_TRIM_1, 2.34375 percent, 92.1374950409
0108, SHORT_FUEL_TRIM_2, 5.46875 percent, 92.1876759529
010C, RPM, 802.0 revolutions_per_minute, 92.2376668453
0115, O2_B1S2, 0.5 volt, 92.2886669636
0114, O2_B1S1, 0.435 volt, 92.3178720474
010F, INTAKE_TEMP, 23 degC, 92.3627519608
010E, TIMING_ADVANCE, 17.5 degree, 92.4127118587
0109, LONG_FUEL_TRIM_2, -0.78125 percent, 92.443682909
0107, LONG_FUEL_TRIM_1, -1.5625 percent, 92.4877009392
0110, MAF, 7.87 gps, 92.5377099514
0104, ENGINE_LOAD, 3.13725490196 percent, 92.5906870365
010B, INTAKE_PRESSURE, 33 kilopascal, 92.6387119293
0105, COOLANT_TEMP, 89 degC, 92.6877219677
0111, THROTTLE_POS, 8.23529411765 percent, 92.7378418446
0118, O2_B2S1, 0.87 volt, 92.7907168865
0119, O2_B2S2, 0.07 volt, 92.8377358913
